Pays;Annee_civile;Annee;G;L;H;Rdt
Belgium;2003;1;1;0;1;2.687
Iceland_a;2003;1;1;0;1;2.816
Sweden_a;2003;1;1;0;1;2.611
Belgium;2004;2;1;0;1;3.436
France;2004;1;1;0;1;3.09
Iceland_a;2004;2;1;0;1;1.883
Norway_a;2004;1;1;0;1;1.382
Sweden_a;2004;2;1;0;1;1.031
Sweden_b;2004;1;1;0;1;0.832
Belgium;2005;3;1;0;1;3.299
France;2005;2;1;0;1;4.773
Iceland_a;2005;3;1;0;1;1.668
Norway_a;2005;2;1;0;1;1.684
Sweden_a;2005;3;1;0;1;0.607
Sweden_b;2005;2;1;0;1;0.516
France;2006;3;1;0;1;4.021
Norway_a;2006;3;1;0;1;2.306
Sweden_b;2006;3;1;0;1;0.548
Belgium;2003;1;1;0;1;2.966
Iceland_a;2003;1;1;0;1;1.175
Sweden_a;2003;1;1;0;1;3.807
Belgium;2004;2;1;0;1;3.996
France;2004;1;1;0;1;1.632
Iceland_a;2004;2;1;0;1;0.521
Norway_a;2004;1;1;0;1;5.349
Sweden_a;2004;2;1;0;1;2.572
Sweden_b;2004;1;1;0;1;1.215
Belgium;2005;3;1;0;1;3.793
France;2005;2;1;0;1;2.549
Iceland_a;2005;3;1;0;1;0.423
Norway_a;2005;2;1;0;1;3.534
Sweden_a;2005;3;1;0;1;1.924
Sweden_b;2005;2;1;0;1;0.551
France;2006;3;1;0;1;1.935
Norway_a;2006;3;1;0;1;3.604
Sweden_b;2006;3;1;0;1;0.605
Belgium;2003;1;1;0;1;2.465
Iceland_a;2003;1;1;0;1;1.362
Sweden_a;2003;1;1;0;1;2.621
Belgium;2004;2;1;0;1;4.41
France;2004;1;1;0;1;1.791
Iceland_a;2004;2;1;0;1;1.405
Norway_a;2004;1;1;0;1;1.337
Sweden_a;2004;2;1;0;1;1.96
Sweden_b;2004;1;1;0;1;1.842
Belgium;2005;3;1;0;1;3.526
France;2005;2;1;0;1;2.912
Iceland_a;2005;3;1;0;1;0.974
Norway_a;2005;2;1;0;1;1.354
Sweden_a;2005;3;1;0;1;1.456
Sweden_b;2005;2;1;0;1;0.994
France;2006;3;1;0;1;2.155
Norway_a;2006;3;1;0;1;1.645
Sweden_b;2006;3;1;0;1;0.955
Belgium;2003;1;1;0;1;2.189
Iceland_a;2003;1;1;0;1;1.253
Sweden_a;2003;1;1;0;1;4.24
Belgium;2004;2;1;0;1;4.342
France;2004;1;1;0;1;2.078
Iceland_a;2004;2;1;0;1;0.989
Norway_a;2004;1;1;0;1;4.301
Sweden_a;2004;2;1;0;1;4.063
Sweden_b;2004;1;1;0;1;1.909
Belgium;2005;3;1;0;1;3.516
France;2005;2;1;0;1;3.281
Iceland_a;2005;3;1;0;1;0.993
Norway_a;2005;2;1;0;1;4.274
Sweden_a;2005;3;1;0;1;3.325
Sweden_b;2005;2;1;0;1;0.976
France;2006;3;1;0;1;2.438
Norway_a;2006;3;1;0;1;4.096
Sweden_b;2006;3;1;0;1;1.296
Belgium;2003;1;0;1;1;3.919
Iceland_a;2003;1;0;1;1;3.406
Sweden_a;2003;1;0;1;1;2.94
Belgium;2004;2;0;1;1;6.671
France;2004;1;0;1;1;3.244
Iceland_a;2004;2;0;1;1;2.259
Norway_a;2004;1;0;1;1;5.031
Sweden_a;2004;2;0;1;1;2.252
Sweden_b;2004;1;0;1;1;3.908
Belgium;2005;3;0;1;1;3.654
France;2005;2;0;1;1;5.077
Iceland_a;2005;3;0;1;1;2.055
Norway_a;2005;2;0;1;1;2.599
Sweden_a;2005;3;0;1;1;0.927
Sweden_b;2005;2;0;1;1;2.003
France;2006;3;0;1;1;4.341
Norway_a;2006;3;0;1;1;1.641
Sweden_b;2006;3;0;1;1;1.102
Belgium;2003;1;0;1;1;3.583
Iceland_a;2003;1;0;1;1;1.014
Sweden_a;2003;1;0;1;1;3.582
Belgium;2004;2;0;1;1;6.931
France;2004;1;0;1;1;2.89
Iceland_a;2004;2;0;1;1;0.667
Norway_a;2004;1;0;1;1;5.084
Sweden_a;2004;2;0;1;1;2.806
Sweden_b;2004;1;0;1;1;3.746
Belgium;2005;3;0;1;1;4.386
France;2005;2;0;1;1;4.444
Iceland_a;2005;3;0;1;1;0.952
Norway_a;2005;2;0;1;1;3.005
Sweden_a;2005;3;0;1;1;1.855
Sweden_b;2005;2;0;1;1;2.451
France;2006;3;0;1;1;3.508
Norway_a;2006;3;0;1;1;2.334
Sweden_b;2006;3;0;1;1;1.246
Belgium;2003;1;0.8;0.2;2.56;4.722
Iceland_a;2003;1;0.8;0.2;2.56;2.965
Sweden_a;2003;1;0.8;0.2;2.56;2.592
Belgium;2004;2;0.8;0.2;2.56;6.975
France;2004;1;0.8;0.2;2.56;2.315
Iceland_a;2004;2;0.8;0.2;2.56;2.221
Norway_a;2004;1;0.8;0.2;2.56;4.344
Sweden_a;2004;2;0.8;0.2;2.56;3.504
Sweden_b;2004;1;0.8;0.2;2.56;2.4
Belgium;2005;3;0.8;0.2;2.56;4.741
France;2005;2;0.8;0.2;2.56;3.885
Iceland_a;2005;3;0.8;0.2;2.56;1.722
Norway_a;2005;2;0.8;0.2;2.56;2.81
Sweden_a;2005;3;0.8;0.2;2.56;2.918
Sweden_b;2005;2;0.8;0.2;2.56;2.363
France;2006;3;0.8;0.2;2.56;2.76
Norway_a;2006;3;0.8;0.2;2.56;3.238
Sweden_b;2006;3;0.8;0.2;2.56;1.758
Belgium;2003;1;0.8;0.2;2.56;3.965
Iceland_a;2003;1;0.8;0.2;2.56;1.398
Sweden_a;2003;1;0.8;0.2;2.56;3.924
Belgium;2004;2;0.8;0.2;2.56;6.649
France;2004;1;0.8;0.2;2.56;2.362
Iceland_a;2004;2;0.8;0.2;2.56;1.097
Norway_a;2004;1;0.8;0.2;2.56;5.26
Sweden_a;2004;2;0.8;0.2;2.56;4.231
Sweden_b;2004;1;0.8;0.2;2.56;2.641
Belgium;2005;3;0.8;0.2;2.56;4.776
France;2005;2;0.8;0.2;2.56;3.65
Iceland_a;2005;3;0.8;0.2;2.56;1.192
Norway_a;2005;2;0.8;0.2;2.56;4.539
Sweden_a;2005;3;0.8;0.2;2.56;3.744
Sweden_b;2005;2;0.8;0.2;2.56;2.485
France;2006;3;0.8;0.2;2.56;2.767
Norway_a;2006;3;0.8;0.2;2.56;4.255
Sweden_b;2006;3;0.8;0.2;2.56;1.959
Belgium;2003;1;0.8;0.2;3.3;3.916
Iceland_a;2003;1;0.8;0.2;3.3;3.155
Sweden_a;2003;1;0.8;0.2;3.3;3.05
Belgium;2004;2;0.8;0.2;3.3;6.924
France;2004;1;0.8;0.2;3.3;2.201
Iceland_a;2004;2;0.8;0.2;3.3;1.804
Norway_a;2004;1;0.8;0.2;3.3;4.096
Sweden_a;2004;2;0.8;0.2;3.3;3.15
Sweden_b;2004;1;0.8;0.2;3.3;2.585
Belgium;2005;3;0.8;0.2;3.3;4.814
France;2005;2;0.8;0.2;3.3;3.528
Iceland_a;2005;3;0.8;0.2;3.3;1.511
Norway_a;2005;2;0.8;0.2;3.3;3.143
Sweden_a;2005;3;0.8;0.2;3.3;3.001
Sweden_b;2005;2;0.8;0.2;3.3;2.491
France;2006;3;0.8;0.2;3.3;2.807
Norway_a;2006;3;0.8;0.2;3.3;2.89
Sweden_b;2006;3;0.8;0.2;3.3;1.88
Belgium;2003;1;0.8;0.2;2.56;3.803
Iceland_a;2003;1;0.8;0.2;2.56;2.755
Sweden_a;2003;1;0.8;0.2;2.56;3.434
Belgium;2004;2;0.8;0.2;2.56;7.134
France;2004;1;0.8;0.2;2.56;3.104
Iceland_a;2004;2;0.8;0.2;2.56;2.26
Norway_a;2004;1;0.8;0.2;2.56;4.119
Sweden_a;2004;2;0.8;0.2;2.56;3.32
Sweden_b;2004;1;0.8;0.2;2.56;3.355
Belgium;2005;3;0.8;0.2;2.56;4.442
France;2005;2;0.8;0.2;2.56;5.01
Iceland_a;2005;3;0.8;0.2;2.56;1.709
Norway_a;2005;2;0.8;0.2;2.56;2.989
Sweden_a;2005;3;0.8;0.2;2.56;3.062
Sweden_b;2005;2;0.8;0.2;2.56;2.688
France;2006;3;0.8;0.2;2.56;4.2
Norway_a;2006;3;0.8;0.2;2.56;3.253
Sweden_b;2006;3;0.8;0.2;2.56;1.815
Belgium;2003;1;0.8;0.2;2.56;3.611
Iceland_a;2003;1;0.8;0.2;2.56;1.119
Sweden_a;2003;1;0.8;0.2;2.56;4.441
Belgium;2004;2;0.8;0.2;2.56;6.879
France;2004;1;0.8;0.2;2.56;2.838
Iceland_a;2004;2;0.8;0.2;2.56;0.776
Norway_a;2004;1;0.8;0.2;2.56;5.646
Sweden_a;2004;2;0.8;0.2;2.56;4.298
Sweden_b;2004;1;0.8;0.2;2.56;2.791
Belgium;2005;3;0.8;0.2;2.56;5.061
France;2005;2;0.8;0.2;2.56;4.917
Iceland_a;2005;3;0.8;0.2;2.56;1.223
Norway_a;2005;2;0.8;0.2;2.56;4.823
Sweden_a;2005;3;0.8;0.2;2.56;3.879
Sweden_b;2005;2;0.8;0.2;2.56;2.774
France;2006;3;0.8;0.2;2.56;3.846
Norway_a;2006;3;0.8;0.2;2.56;4.898
Sweden_b;2006;3;0.8;0.2;2.56;1.9
Belgium;2003;1;0.5;0.5;3.3;4.484
Iceland_a;2003;1;0.5;0.5;3.3;3.545
Sweden_a;2003;1;0.5;0.5;3.3;3.865
Belgium;2004;2;0.5;0.5;3.3;7.247
France;2004;1;0.5;0.5;3.3;2.413
Iceland_a;2004;2;0.5;0.5;3.3;1.837
Norway_a;2004;1;0.5;0.5;3.3;5.024
Sweden_a;2004;2;0.5;0.5;3.3;3.752
Sweden_b;2004;1;0.5;0.5;3.3;3.819
Belgium;2005;3;0.5;0.5;3.3;4.23
France;2005;2;0.5;0.5;3.3;4.058
Iceland_a;2005;3;0.5;0.5;3.3;1.715
Norway_a;2005;2;0.5;0.5;3.3;2.92
Sweden_a;2005;3;0.5;0.5;3.3;3.164
Sweden_b;2005;2;0.5;0.5;3.3;2.813
France;2006;3;0.5;0.5;3.3;2.909
Norway_a;2006;3;0.5;0.5;3.3;2.866
Sweden_b;2006;3;0.5;0.5;3.3;1.769
Belgium;2003;1;0.5;0.5;3.3;3.814
Iceland_a;2003;1;0.5;0.5;3.3;2.622
Sweden_a;2003;1;0.5;0.5;3.3;3.505
Belgium;2004;2;0.5;0.5;3.3;7.524
France;2004;1;0.5;0.5;3.3;2.869
Iceland_a;2004;2;0.5;0.5;3.3;1.784
Norway_a;2004;1;0.5;0.5;3.3;5.06
Sweden_a;2004;2;0.5;0.5;3.3;3.225
Sweden_b;2004;1;0.5;0.5;3.3;4.03
Belgium;2005;3;0.5;0.5;3.3;4.532
France;2005;2;0.5;0.5;3.3;4.686
Iceland_a;2005;3;0.5;0.5;3.3;1.768
Norway_a;2005;2;0.5;0.5;3.3;3.531
Sweden_a;2005;3;0.5;0.5;3.3;2.628
Sweden_b;2005;2;0.5;0.5;3.3;3.269
France;2006;3;0.5;0.5;3.3;3.9
Norway_a;2006;3;0.5;0.5;3.3;2.654
Sweden_b;2006;3;0.5;0.5;3.3;1.727
Belgium;2003;1;0.2;0.8;2.56;4.494
Iceland_a;2003;1;0.2;0.8;2.56;3.254
Sweden_a;2003;1;0.2;0.8;2.56;4.214
Belgium;2004;2;0.2;0.8;2.56;6.906
France;2004;1;0.2;0.8;2.56;3.212
Iceland_a;2004;2;0.2;0.8;2.56;2.045
Norway_a;2004;1;0.2;0.8;2.56;5.541
Sweden_a;2004;2;0.2;0.8;2.56;3.93
Sweden_b;2004;1;0.2;0.8;2.56;3.653
Belgium;2005;3;0.2;0.8;2.56;4.923
France;2005;2;0.2;0.8;2.56;5.069
Iceland_a;2005;3;0.2;0.8;2.56;1.581
Norway_a;2005;2;0.2;0.8;2.56;3.44
Sweden_a;2005;3;0.2;0.8;2.56;3.145
Sweden_b;2005;2;0.2;0.8;2.56;2.934
France;2006;3;0.2;0.8;2.56;4.335
Norway_a;2006;3;0.2;0.8;2.56;2.766
Sweden_b;2006;3;0.2;0.8;2.56;1.848
Belgium;2003;1;0.2;0.8;2.56;4.145
Iceland_a;2003;1;0.2;0.8;2.56;1.635
Sweden_a;2003;1;0.2;0.8;2.56;4.842
Belgium;2004;2;0.2;0.8;2.56;7.3
France;2004;1;0.2;0.8;2.56;5.115
Iceland_a;2004;2;0.2;0.8;2.56;1.07
Norway_a;2004;1;0.2;0.8;2.56;5.643
Sweden_a;2004;2;0.2;0.8;2.56;4.949
Sweden_b;2004;1;0.2;0.8;2.56;4.338
Belgium;2005;3;0.2;0.8;2.56;5.279
France;2005;2;0.2;0.8;2.56;7.896
Iceland_a;2005;3;0.2;0.8;2.56;1.268
Norway_a;2005;2;0.2;0.8;2.56;5.029
Sweden_a;2005;3;0.2;0.8;2.56;3.639
Sweden_b;2005;2;0.2;0.8;2.56;3.549
France;2006;3;0.2;0.8;2.56;6.61
Norway_a;2006;3;0.2;0.8;2.56;4.565
Sweden_b;2006;3;0.2;0.8;2.56;2.196
Belgium;2003;1;0.5;0.5;4;4.319
Iceland_a;2003;1;0.5;0.5;4;3.28
Sweden_a;2003;1;0.5;0.5;4;3.021
Belgium;2004;2;0.5;0.5;4;7.256
France;2004;1;0.5;0.5;4;3.796
Iceland_a;2004;2;0.5;0.5;4;2.268
Norway_a;2004;1;0.5;0.5;4;4.377
Sweden_a;2004;2;0.5;0.5;4;3.396
Sweden_b;2004;1;0.5;0.5;4;3.752
Belgium;2005;3;0.5;0.5;4;4.524
France;2005;2;0.5;0.5;4;6.001
Iceland_a;2005;3;0.5;0.5;4;1.888
Norway_a;2005;2;0.5;0.5;4;3.221
Sweden_a;2005;3;0.5;0.5;4;2.906
Sweden_b;2005;2;0.5;0.5;4;3.112
France;2006;3;0.5;0.5;4;4.981
Norway_a;2006;3;0.5;0.5;4;2.785
Sweden_b;2006;3;0.5;0.5;4;2.226
Belgium;2003;1;0.5;0.5;4;4.192
Iceland_a;2003;1;0.5;0.5;4;1.74
Sweden_a;2003;1;0.5;0.5;4;4.883
Belgium;2004;2;0.5;0.5;4;7.715
France;2004;1;0.5;0.5;4;3.402
Iceland_a;2004;2;0.5;0.5;4;1.312
Norway_a;2004;1;0.5;0.5;4;5.289
Sweden_a;2004;2;0.5;0.5;4;4.401
Sweden_b;2004;1;0.5;0.5;4;3.892
Belgium;2005;3;0.5;0.5;4;5.037
France;2005;2;0.5;0.5;4;5.188
Iceland_a;2005;3;0.5;0.5;4;1.328
Norway_a;2005;2;0.5;0.5;4;4.899
Sweden_a;2005;3;0.5;0.5;4;3.693
Sweden_b;2005;2;0.5;0.5;4;3.141
France;2006;3;0.5;0.5;4;4.561
Norway_a;2006;3;0.5;0.5;4;5.046
Sweden_b;2006;3;0.5;0.5;4;1.967
Belgium;2003;1;0.5;0.5;3.3;4.172
Iceland_a;2003;1;0.5;0.5;3.3;2.836
Sweden_a;2003;1;0.5;0.5;3.3;4.507
Belgium;2004;2;0.5;0.5;3.3;7.371
France;2004;1;0.5;0.5;3.3;2.304
Iceland_a;2004;2;0.5;0.5;3.3;2.27
Norway_a;2004;1;0.5;0.5;3.3;4.849
Sweden_a;2004;2;0.5;0.5;3.3;3.951
Sweden_b;2004;1;0.5;0.5;3.3;2.887
Belgium;2005;3;0.5;0.5;3.3;4.645
France;2005;2;0.5;0.5;3.3;3.574
Iceland_a;2005;3;0.5;0.5;3.3;2
Norway_a;2005;2;0.5;0.5;3.3;3.067
Sweden_a;2005;3;0.5;0.5;3.3;3.193
Sweden_b;2005;2;0.5;0.5;3.3;2.991
France;2006;3;0.5;0.5;3.3;2.983
Norway_a;2006;3;0.5;0.5;3.3;3.397
Sweden_b;2006;3;0.5;0.5;3.3;2.199
Belgium;2003;1;0.5;0.5;3.3;3.641
Iceland_a;2003;1;0.5;0.5;3.3;2.01
Sweden_a;2003;1;0.5;0.5;3.3;3.431
Belgium;2004;2;0.5;0.5;3.3;6.883
France;2004;1;0.5;0.5;3.3;4.351
Iceland_a;2004;2;0.5;0.5;3.3;1.761
Norway_a;2004;1;0.5;0.5;3.3;3.943
Sweden_a;2004;2;0.5;0.5;3.3;3.26
Sweden_b;2004;1;0.5;0.5;3.3;2.937
Belgium;2005;3;0.5;0.5;3.3;4.122
France;2005;2;0.5;0.5;3.3;6.925
Iceland_a;2005;3;0.5;0.5;3.3;1.552
Norway_a;2005;2;0.5;0.5;3.3;3.311
Sweden_a;2005;3;0.5;0.5;3.3;3.249
Sweden_b;2005;2;0.5;0.5;3.3;2.881
France;2006;3;0.5;0.5;3.3;5.707
Norway_a;2006;3;0.5;0.5;3.3;3
Sweden_b;2006;3;0.5;0.5;3.3;2.055
Belgium;2003;1;0.2;0.8;3.3;3.924
Iceland_a;2003;1;0.2;0.8;3.3;1.829
Sweden_a;2003;1;0.2;0.8;3.3;3.523
Belgium;2004;2;0.2;0.8;3.3;6.79
France;2004;1;0.2;0.8;3.3;4.57
Iceland_a;2004;2;0.2;0.8;3.3;1.859
Norway_a;2004;1;0.2;0.8;3.3;5.159
Sweden_a;2004;2;0.2;0.8;3.3;3.814
Sweden_b;2004;1;0.2;0.8;3.3;3.981
Belgium;2005;3;0.2;0.8;3.3;4.77
France;2005;2;0.2;0.8;3.3;7.247
Iceland_a;2005;3;0.2;0.8;3.3;1.821
Norway_a;2005;2;0.2;0.8;3.3;3.366
Sweden_a;2005;3;0.2;0.8;3.3;2.933
Sweden_b;2005;2;0.2;0.8;3.3;3.354
France;2006;3;0.2;0.8;3.3;5.827
Norway_a;2006;3;0.2;0.8;3.3;3.063
Sweden_b;2006;3;0.2;0.8;3.3;2.161
Belgium;2003;1;0.2;0.8;2.56;3.788
Iceland_a;2003;1;0.2;0.8;2.56;2.423
Sweden_a;2003;1;0.2;0.8;2.56;4.058
Belgium;2004;2;0.2;0.8;2.56;6.688
France;2004;1;0.2;0.8;2.56;2.554
Iceland_a;2004;2;0.2;0.8;2.56;1.91
Norway_a;2004;1;0.2;0.8;2.56;4.742
Sweden_a;2004;2;0.2;0.8;2.56;3.972
Sweden_b;2004;1;0.2;0.8;2.56;3.781
Belgium;2005;3;0.2;0.8;2.56;4.833
France;2005;2;0.2;0.8;2.56;4.283
Iceland_a;2005;3;0.2;0.8;2.56;1.683
Norway_a;2005;2;0.2;0.8;2.56;3.668
Sweden_a;2005;3;0.2;0.8;2.56;3.594
Sweden_b;2005;2;0.2;0.8;2.56;3.334
France;2006;3;0.2;0.8;2.56;3.487
Norway_a;2006;3;0.2;0.8;2.56;3.432
Sweden_b;2006;3;0.2;0.8;2.56;2.285
Belgium;2003;1;0.2;0.8;2.56;3.38
Iceland_a;2003;1;0.2;0.8;2.56;1.689
Sweden_a;2003;1;0.2;0.8;2.56;4.344
Belgium;2004;2;0.2;0.8;2.56;6.334
France;2004;1;0.2;0.8;2.56;3.354
Iceland_a;2004;2;0.2;0.8;2.56;1.244
Norway_a;2004;1;0.2;0.8;2.56;4.824
Sweden_a;2004;2;0.2;0.8;2.56;4.567
Sweden_b;2004;1;0.2;0.8;2.56;3.314
Belgium;2005;3;0.2;0.8;2.56;4.407
France;2005;2;0.2;0.8;2.56;5.686
Iceland_a;2005;3;0.2;0.8;2.56;1.202
Norway_a;2005;2;0.2;0.8;2.56;4.548
Sweden_a;2005;3;0.2;0.8;2.56;4.146
Sweden_b;2005;2;0.2;0.8;2.56;3.063
France;2006;3;0.2;0.8;2.56;4.496
Norway_a;2006;3;0.2;0.8;2.56;4.043
Sweden_b;2006;3;0.2;0.8;2.56;2.332
Belgium;2003;1;0;1;1;2.513
Iceland_a;2003;1;0;1;1;1.855
Sweden_a;2003;1;0;1;1;2.433
Belgium;2004;2;0;1;1;3.087
France;2004;1;0;1;1;2.363
Iceland_a;2004;2;0;1;1;1.808
Norway_a;2004;1;0;1;1;2.887
Sweden_a;2004;2;0;1;1;2.427
Sweden_b;2004;1;0;1;1;2.924
Belgium;2005;3;0;1;1;2.444
France;2005;2;0;1;1;3.586
Iceland_a;2005;3;0;1;1;1.888
Norway_a;2005;2;0;1;1;2.227
Sweden_a;2005;3;0;1;1;1.753
Sweden_b;2005;2;0;1;1;2.053
France;2006;3;0;1;1;3.04
Norway_a;2006;3;0;1;1;1.971
Sweden_b;2006;3;0;1;1;1.274
Belgium;2003;1;0;1;1;2.19
Iceland_a;2003;1;0;1;1;1.089
Sweden_a;2003;1;0;1;1;2.615
Belgium;2004;2;0;1;1;2.71
France;2004;1;0;1;1;3.02
Iceland_a;2004;2;0;1;1;0.988
Norway_a;2004;1;0;1;1;3.047
Sweden_a;2004;2;0;1;1;2.435
Sweden_b;2004;1;0;1;1;2.702
Belgium;2005;3;0;1;1;2.002
France;2005;2;0;1;1;4.669
Iceland_a;2005;3;0;1;1;1.173
Norway_a;2005;2;0;1;1;2.549
Sweden_a;2005;3;0;1;1;1.968
Sweden_b;2005;2;0;1;1;2.43
France;2006;3;0;1;1;3.967
Norway_a;2006;3;0;1;1;2.184
Sweden_b;2006;3;0;1;1;1.655
Belgium;2003;1;1;0;1;3.053
Iceland_a;2003;1;1;0;1;2.164
Sweden_a;2003;1;1;0;1;2.723
Belgium;2004;2;1;0;1;3.78
France;2004;1;1;0;1;2.552
Iceland_a;2004;2;1;0;1;1.337
Norway_a;2004;1;1;0;1;0.883
Sweden_a;2004;2;1;0;1;0.944
Sweden_b;2004;1;1;0;1;1.413
Belgium;2005;3;1;0;1;2.82
France;2005;2;1;0;1;3.962
Iceland_a;2005;3;1;0;1;1.07
Norway_a;2005;2;1;0;1;1.616
Sweden_a;2005;3;1;0;1;0.696
Sweden_b;2005;2;1;0;1;0.59
France;2006;3;1;0;1;3.25
Norway_a;2006;3;1;0;1;1.843
Sweden_b;2006;3;1;0;1;0.658
Belgium;2003;1;1;0;1;2.645
Iceland_a;2003;1;1;0;1;1.299
Sweden_a;2003;1;1;0;1;3.3
Belgium;2004;2;1;0;1;3.612
France;2004;1;1;0;1;2.241
Iceland_a;2004;2;1;0;1;0.775
Norway_a;2004;1;1;0;1;3.883
Sweden_a;2004;2;1;0;1;2.257
Sweden_b;2004;1;1;0;1;1.599
Belgium;2005;3;1;0;1;2.791
France;2005;2;1;0;1;3.525
Iceland_a;2005;3;1;0;1;0.866
Norway_a;2005;2;1;0;1;2.842
Sweden_a;2005;3;1;0;1;1.662
Sweden_b;2005;2;1;0;1;0.557
France;2006;3;1;0;1;2.747
Norway_a;2006;3;1;0;1;3.497
Sweden_b;2006;3;1;0;1;0.661
Belgium;2003;1;1;0;1;2.161
Iceland_a;2003;1;1;0;1;2.668
Sweden_a;2003;1;1;0;1;2.586
Belgium;2004;2;1;0;1;4.272
France;2004;1;1;0;1;1.39
Iceland_a;2004;2;1;0;1;2.099
Norway_a;2004;1;1;0;1;1.372
Sweden_a;2004;2;1;0;1;1.944
Sweden_b;2004;1;1;0;1;2.039
Belgium;2005;3;1;0;1;3.379
France;2005;2;1;0;1;2.264
Iceland_a;2005;3;1;0;1;1.686
Norway_a;2005;2;1;0;1;1.902
Sweden_a;2005;3;1;0;1;1.492
Sweden_b;2005;2;1;0;1;0.951
France;2006;3;1;0;1;1.61
Norway_a;2006;3;1;0;1;2.273
Sweden_b;2006;3;1;0;1;0.971
Belgium;2003;1;1;0;1;2.052
Iceland_a;2003;1;1;0;1;1.075
Sweden_a;2003;1;1;0;1;4.355
Belgium;2004;2;1;0;1;4.104
France;2004;1;1;0;1;1.718
Iceland_a;2004;2;1;0;1;0.899
Norway_a;2004;1;1;0;1;4.142
Sweden_a;2004;2;1;0;1;3.724
Sweden_b;2004;1;1;0;1;1.637
Belgium;2005;3;1;0;1;3.448
France;2005;2;1;0;1;2.982
Iceland_a;2005;3;1;0;1;0.968
Norway_a;2005;2;1;0;1;4.58
Sweden_a;2005;3;1;0;1;3.404
Sweden_b;2005;2;1;0;1;0.831
France;2006;3;1;0;1;1.942
Norway_a;2006;3;1;0;1;4.673
Sweden_b;2006;3;1;0;1;0.766
Belgium;2003;1;0;1;1;3.759
Iceland_a;2003;1;0;1;1;1.683
Sweden_a;2003;1;0;1;1;2.672
Belgium;2004;2;0;1;1;6.147
France;2004;1;0;1;1;4.195
Iceland_a;2004;2;0;1;1;0.917
Norway_a;2004;1;0;1;1;4.944
Sweden_a;2004;2;0;1;1;1.917
Sweden_b;2004;1;0;1;1;3.4
Belgium;2005;3;0;1;1;3.693
France;2005;2;0;1;1;6.515
Iceland_a;2005;3;0;1;1;1.297
Norway_a;2005;2;0;1;1;2.028
Sweden_a;2005;3;0;1;1;1.177
Sweden_b;2005;2;0;1;1;1.9
France;2006;3;0;1;1;4.982
Norway_a;2006;3;0;1;1;1.489
Sweden_b;2006;3;0;1;1;1.181
Belgium;2003;1;0;1;1;3.873
Iceland_a;2003;1;0;1;1;0.919
Sweden_a;2003;1;0;1;1;3.229
Belgium;2004;2;0;1;1;6.63
France;2004;1;0;1;1;3.748
Iceland_a;2004;2;0;1;1;0.806
Norway_a;2004;1;0;1;1;5.19
Sweden_a;2004;2;0;1;1;2.714
Sweden_b;2004;1;0;1;1;3.787
Belgium;2005;3;0;1;1;3.275
France;2005;2;0;1;1;5.787
Iceland_a;2005;3;0;1;1;0.77
Norway_a;2005;2;0;1;1;2.868
Sweden_a;2005;3;0;1;1;1.876
Sweden_b;2005;2;0;1;1;1.923
France;2006;3;0;1;1;4.835
Norway_a;2006;3;0;1;1;1.881
Sweden_b;2006;3;0;1;1;1.236
Belgium;2003;1;0.8;0.2;2.56;4.08
Iceland_a;2003;1;0.8;0.2;2.56;3.544
Sweden_a;2003;1;0.8;0.2;2.56;2.988
Belgium;2004;2;0.8;0.2;2.56;7.112
France;2004;1;0.8;0.2;2.56;3.284
Iceland_a;2004;2;0.8;0.2;2.56;1.874
Norway_a;2004;1;0.8;0.2;2.56;3.467
Sweden_a;2004;2;0.8;0.2;2.56;3.515
Sweden_b;2004;1;0.8;0.2;2.56;2.768
Belgium;2005;3;0.8;0.2;2.56;4.13
France;2005;2;0.8;0.2;2.56;5.056
Iceland_a;2005;3;0.8;0.2;2.56;1.656
Norway_a;2005;2;0.8;0.2;2.56;2.74
Sweden_a;2005;3;0.8;0.2;2.56;3.007
Sweden_b;2005;2;0.8;0.2;2.56;2.377
France;2006;3;0.8;0.2;2.56;4.297
Norway_a;2006;3;0.8;0.2;2.56;3.103
Sweden_b;2006;3;0.8;0.2;2.56;1.709
Belgium;2003;1;0.8;0.2;2.56;4.073
Iceland_a;2003;1;0.8;0.2;2.56;1.642
Sweden_a;2003;1;0.8;0.2;2.56;3.907
Belgium;2004;2;0.8;0.2;2.56;6.581
France;2004;1;0.8;0.2;2.56;2.171
Iceland_a;2004;2;0.8;0.2;2.56;1.212
Norway_a;2004;1;0.8;0.2;2.56;5.2
Sweden_a;2004;2;0.8;0.2;2.56;4.088
Sweden_b;2004;1;0.8;0.2;2.56;2.751
Belgium;2005;3;0.8;0.2;2.56;4.314
France;2005;2;0.8;0.2;2.56;3.397
Iceland_a;2005;3;0.8;0.2;2.56;1.351
Norway_a;2005;2;0.8;0.2;2.56;5.001
Sweden_a;2005;3;0.8;0.2;2.56;3.525
Sweden_b;2005;2;0.8;0.2;2.56;2.81
France;2006;3;0.8;0.2;2.56;2.5
Norway_a;2006;3;0.8;0.2;2.56;4.502
Sweden_b;2006;3;0.8;0.2;2.56;2.228
Belgium;2003;1;0.8;0.2;3.3;4.033
Iceland_a;2003;1;0.8;0.2;3.3;2.438
Sweden_a;2003;1;0.8;0.2;3.3;3.084
Belgium;2004;2;0.8;0.2;3.3;6.758
France;2004;1;0.8;0.2;3.3;3.706
Iceland_a;2004;2;0.8;0.2;3.3;1.5
Norway_a;2004;1;0.8;0.2;3.3;4.001
Sweden_a;2004;2;0.8;0.2;3.3;3.479
Sweden_b;2004;1;0.8;0.2;3.3;3.186
Belgium;2005;3;0.8;0.2;3.3;4.764
France;2005;2;0.8;0.2;3.3;5.674
Iceland_a;2005;3;0.8;0.2;3.3;1.777
Norway_a;2005;2;0.8;0.2;3.3;3.03
Sweden_a;2005;3;0.8;0.2;3.3;3.004
Sweden_b;2005;2;0.8;0.2;3.3;2.578
France;2006;3;0.8;0.2;3.3;4.901
Norway_a;2006;3;0.8;0.2;3.3;3.309
Sweden_b;2006;3;0.8;0.2;3.3;1.807
Belgium;2003;1;0.8;0.2;2.56;3.493
Iceland_a;2003;1;0.8;0.2;2.56;2.928
Sweden_a;2003;1;0.8;0.2;2.56;3.137
Belgium;2004;2;0.8;0.2;2.56;6.476
France;2004;1;0.8;0.2;2.56;3.297
Iceland_a;2004;2;0.8;0.2;2.56;2.111
Norway_a;2004;1;0.8;0.2;2.56;4.144
Sweden_a;2004;2;0.8;0.2;2.56;3.58
Sweden_b;2004;1;0.8;0.2;2.56;2.694
Belgium;2005;3;0.8;0.2;2.56;4.616
France;2005;2;0.8;0.2;2.56;5.439
Iceland_a;2005;3;0.8;0.2;2.56;1.944
Norway_a;2005;2;0.8;0.2;2.56;2.959
Sweden_a;2005;3;0.8;0.2;2.56;3.059
Sweden_b;2005;2;0.8;0.2;2.56;2.064
France;2006;3;0.8;0.2;2.56;4.355
Norway_a;2006;3;0.8;0.2;2.56;3.212
Sweden_b;2006;3;0.8;0.2;2.56;1.456
Belgium;2003;1;0.8;0.2;2.56;3.407
Iceland_a;2003;1;0.8;0.2;2.56;1.234
Sweden_a;2003;1;0.8;0.2;2.56;4.171
Belgium;2004;2;0.8;0.2;2.56;6.539
France;2004;1;0.8;0.2;2.56;3.452
Iceland_a;2004;2;0.8;0.2;2.56;0.709
Norway_a;2004;1;0.8;0.2;2.56;5.228
Sweden_a;2004;2;0.8;0.2;2.56;4.193
Sweden_b;2004;1;0.8;0.2;2.56;3.123
Belgium;2005;3;0.8;0.2;2.56;4.873
France;2005;2;0.8;0.2;2.56;5.573
Iceland_a;2005;3;0.8;0.2;2.56;1.077
Norway_a;2005;2;0.8;0.2;2.56;4.683
Sweden_a;2005;3;0.8;0.2;2.56;3.422
Sweden_b;2005;2;0.8;0.2;2.56;2.881
France;2006;3;0.8;0.2;2.56;4.338
Norway_a;2006;3;0.8;0.2;2.56;4.73
Sweden_b;2006;3;0.8;0.2;2.56;2.348
Belgium;2003;1;0.5;0.5;3.3;4.364
Iceland_a;2003;1;0.5;0.5;3.3;2.186
Sweden_a;2003;1;0.5;0.5;3.3;3.261
Belgium;2004;2;0.5;0.5;3.3;7.282
France;2004;1;0.5;0.5;3.3;4.373
Iceland_a;2004;2;0.5;0.5;3.3;1.462
Norway_a;2004;1;0.5;0.5;3.3;5.099
Sweden_a;2004;2;0.5;0.5;3.3;3.164
Sweden_b;2004;1;0.5;0.5;3.3;3.682
Belgium;2005;3;0.5;0.5;3.3;4.598
France;2005;2;0.5;0.5;3.3;6.617
Iceland_a;2005;3;0.5;0.5;3.3;1.67
Norway_a;2005;2;0.5;0.5;3.3;3.347
Sweden_a;2005;3;0.5;0.5;3.3;2.622
Sweden_b;2005;2;0.5;0.5;3.3;2.85
France;2006;3;0.5;0.5;3.3;5.453
Norway_a;2006;3;0.5;0.5;3.3;3.236
Sweden_b;2006;3;0.5;0.5;3.3;1.907
Belgium;2003;1;0.5;0.5;3.3;3.818
Iceland_a;2003;1;0.5;0.5;3.3;3.035
Sweden_a;2003;1;0.5;0.5;3.3;3.388
Belgium;2004;2;0.5;0.5;3.3;6.921
France;2004;1;0.5;0.5;3.3;2.894
Iceland_a;2004;2;0.5;0.5;3.3;2.116
Norway_a;2004;1;0.5;0.5;3.3;4.545
Sweden_a;2004;2;0.5;0.5;3.3;3.589
Sweden_b;2004;1;0.5;0.5;3.3;3.587
Belgium;2005;3;0.5;0.5;3.3;4.379
France;2005;2;0.5;0.5;3.3;4.547
Iceland_a;2005;3;0.5;0.5;3.3;1.915
Norway_a;2005;2;0.5;0.5;3.3;2.992
Sweden_a;2005;3;0.5;0.5;3.3;3.051
Sweden_b;2005;2;0.5;0.5;3.3;3.133
France;2006;3;0.5;0.5;3.3;3.821
Norway_a;2006;3;0.5;0.5;3.3;2.426
Sweden_b;2006;3;0.5;0.5;3.3;1.978
Belgium;2003;1;0.2;0.8;2.56;3.944
Iceland_a;2003;1;0.2;0.8;2.56;2.062
Sweden_a;2003;1;0.2;0.8;2.56;3.386
Belgium;2004;2;0.2;0.8;2.56;7.091
France;2004;1;0.2;0.8;2.56;4.065
Iceland_a;2004;2;0.2;0.8;2.56;1.631
Norway_a;2004;1;0.2;0.8;2.56;5.519
Sweden_a;2004;2;0.2;0.8;2.56;3.067
Sweden_b;2004;1;0.2;0.8;2.56;4.045
Belgium;2005;3;0.2;0.8;2.56;4.741
France;2005;2;0.2;0.8;2.56;6.333
Iceland_a;2005;3;0.2;0.8;2.56;1.676
Norway_a;2005;2;0.2;0.8;2.56;2.792
Sweden_a;2005;3;0.2;0.8;2.56;2.947
Sweden_b;2005;2;0.2;0.8;2.56;3.394
France;2006;3;0.2;0.8;2.56;5.176
Norway_a;2006;3;0.2;0.8;2.56;2.917
Sweden_b;2006;3;0.2;0.8;2.56;2.12
Belgium;2003;1;0.2;0.8;2.56;3.867
Iceland_a;2003;1;0.2;0.8;2.56;1.645
Sweden_a;2003;1;0.2;0.8;2.56;4.835
Belgium;2004;2;0.2;0.8;2.56;6.982
France;2004;1;0.2;0.8;2.56;3.289
Iceland_a;2004;2;0.2;0.8;2.56;1.05
Norway_a;2004;1;0.2;0.8;2.56;5.532
Sweden_a;2004;2;0.2;0.8;2.56;4.621
Sweden_b;2004;1;0.2;0.8;2.56;4.084
Belgium;2005;3;0.2;0.8;2.56;4.683
France;2005;2;0.2;0.8;2.56;5.155
Iceland_a;2005;3;0.2;0.8;2.56;1.107
Norway_a;2005;2;0.2;0.8;2.56;4.662
Sweden_a;2005;3;0.2;0.8;2.56;3.796
Sweden_b;2005;2;0.2;0.8;2.56;3.102
France;2006;3;0.2;0.8;2.56;3.946
Norway_a;2006;3;0.2;0.8;2.56;4.596
Sweden_b;2006;3;0.2;0.8;2.56;2.398
Belgium;2003;1;0.5;0.5;4;4.265
Iceland_a;2003;1;0.5;0.5;4;2.231
Sweden_a;2003;1;0.5;0.5;4;3.681
Belgium;2004;2;0.5;0.5;4;6.857
France;2004;1;0.5;0.5;4;2.809
Iceland_a;2004;2;0.5;0.5;4;2.027
Norway_a;2004;1;0.5;0.5;4;5.142
Sweden_a;2004;2;0.5;0.5;4;3.644
Sweden_b;2004;1;0.5;0.5;4;3.576
Belgium;2005;3;0.5;0.5;4;4.74
France;2005;2;0.5;0.5;4;4.541
Iceland_a;2005;3;0.5;0.5;4;1.964
Norway_a;2005;2;0.5;0.5;4;3.015
Sweden_a;2005;3;0.5;0.5;4;3.116
Sweden_b;2005;2;0.5;0.5;4;2.728
France;2006;3;0.5;0.5;4;3.266
Norway_a;2006;3;0.5;0.5;4;3.386
Sweden_b;2006;3;0.5;0.5;4;1.927
Belgium;2003;1;0.5;0.5;4;4.003
Iceland_a;2003;1;0.5;0.5;4;1.531
Sweden_a;2003;1;0.5;0.5;4;4.299
Belgium;2004;2;0.5;0.5;4;6.704
France;2004;1;0.5;0.5;4;4.055
Iceland_a;2004;2;0.5;0.5;4;1.106
Norway_a;2004;1;0.5;0.5;4;5.571
Sweden_a;2004;2;0.5;0.5;4;4.396
Sweden_b;2004;1;0.5;0.5;4;3.5
Belgium;2005;3;0.5;0.5;4;4.54
France;2005;2;0.5;0.5;4;6.391
Iceland_a;2005;3;0.5;0.5;4;1.345
Norway_a;2005;2;0.5;0.5;4;4.747
Sweden_a;2005;3;0.5;0.5;4;3.844
Sweden_b;2005;2;0.5;0.5;4;2.961
France;2006;3;0.5;0.5;4;5.358
Norway_a;2006;3;0.5;0.5;4;4.333
Sweden_b;2006;3;0.5;0.5;4;1.911
Belgium;2003;1;0.5;0.5;3.3;4.114
Iceland_a;2003;1;0.5;0.5;3.3;2.522
Sweden_a;2003;1;0.5;0.5;3.3;3.37
Belgium;2004;2;0.5;0.5;3.3;6.879
France;2004;1;0.5;0.5;3.3;3.18
Iceland_a;2004;2;0.5;0.5;3.3;1.741
Norway_a;2004;1;0.5;0.5;3.3;4.181
Sweden_a;2004;2;0.5;0.5;3.3;3.55
Sweden_b;2004;1;0.5;0.5;3.3;3.577
Belgium;2005;3;0.5;0.5;3.3;4.956
France;2005;2;0.5;0.5;3.3;4.965
Iceland_a;2005;3;0.5;0.5;3.3;1.785
Norway_a;2005;2;0.5;0.5;3.3;3.088
Sweden_a;2005;3;0.5;0.5;3.3;3.177
Sweden_b;2005;2;0.5;0.5;3.3;3.002
France;2006;3;0.5;0.5;3.3;3.981
Norway_a;2006;3;0.5;0.5;3.3;3.412
Sweden_b;2006;3;0.5;0.5;3.3;2.25
Belgium;2003;1;0.5;0.5;3.3;3.395
Iceland_a;2003;1;0.5;0.5;3.3;2.909
Sweden_a;2003;1;0.5;0.5;3.3;3.513
Belgium;2004;2;0.5;0.5;3.3;6.673
France;2004;1;0.5;0.5;3.3;2.895
Iceland_a;2004;2;0.5;0.5;3.3;2.03
Norway_a;2004;1;0.5;0.5;3.3;4.091
Sweden_a;2004;2;0.5;0.5;3.3;3.848
Sweden_b;2004;1;0.5;0.5;3.3;3.302
Belgium;2005;3;0.5;0.5;3.3;4.551
France;2005;2;0.5;0.5;3.3;4.816
Iceland_a;2005;3;0.5;0.5;3.3;1.9
Norway_a;2005;2;0.5;0.5;3.3;3.044
Sweden_a;2005;3;0.5;0.5;3.3;3.298
Sweden_b;2005;2;0.5;0.5;3.3;2.939
France;2006;3;0.5;0.5;3.3;3.699
Norway_a;2006;3;0.5;0.5;3.3;3.347
Sweden_b;2006;3;0.5;0.5;3.3;1.987
Belgium;2003;1;0.2;0.8;3.3;4.047
Iceland_a;2003;1;0.2;0.8;3.3;2.316
Sweden_a;2003;1;0.2;0.8;3.3;3.443
Belgium;2004;2;0.2;0.8;3.3;6.871
France;2004;1;0.2;0.8;3.3;2.736
Iceland_a;2004;2;0.2;0.8;3.3;1.669
Norway_a;2004;1;0.2;0.8;3.3;4.721
Sweden_a;2004;2;0.2;0.8;3.3;3.871
Sweden_b;2004;1;0.2;0.8;3.3;3.726
Belgium;2005;3;0.2;0.8;3.3;4.34
France;2005;2;0.2;0.8;3.3;4.212
Iceland_a;2005;3;0.2;0.8;3.3;1.532
Norway_a;2005;2;0.2;0.8;3.3;2.68
Sweden_a;2005;3;0.2;0.8;3.3;3.21
Sweden_b;2005;2;0.2;0.8;3.3;3.16
France;2006;3;0.2;0.8;3.3;3.466
Norway_a;2006;3;0.2;0.8;3.3;2.435
Sweden_b;2006;3;0.2;0.8;3.3;2.24
Belgium;2003;1;0.2;0.8;2.56;4.042
Iceland_a;2003;1;0.2;0.8;2.56;2.704
Sweden_a;2003;1;0.2;0.8;2.56;3.67
Belgium;2004;2;0.2;0.8;2.56;6.517
France;2004;1;0.2;0.8;2.56;2.84
Iceland_a;2004;2;0.2;0.8;2.56;1.899
Norway_a;2004;1;0.2;0.8;2.56;4.461
Sweden_a;2004;2;0.2;0.8;2.56;3.552
Sweden_b;2004;1;0.2;0.8;2.56;3.71
Belgium;2005;3;0.2;0.8;2.56;4.434
France;2005;2;0.2;0.8;2.56;4.642
Iceland_a;2005;3;0.2;0.8;2.56;1.634
Norway_a;2005;2;0.2;0.8;2.56;2.692
Sweden_a;2005;3;0.2;0.8;2.56;3.238
Sweden_b;2005;2;0.2;0.8;2.56;3.09
France;2006;3;0.2;0.8;2.56;3.54
Norway_a;2006;3;0.2;0.8;2.56;3.177
Sweden_b;2006;3;0.2;0.8;2.56;2.402
Belgium;2003;1;0.2;0.8;2.56;3.567
Iceland_a;2003;1;0.2;0.8;2.56;1.32
Sweden_a;2003;1;0.2;0.8;2.56;4.411
Belgium;2004;2;0.2;0.8;2.56;6.8
France;2004;1;0.2;0.8;2.56;4.103
Iceland_a;2004;2;0.2;0.8;2.56;0.892
Norway_a;2004;1;0.2;0.8;2.56;5.56
Sweden_a;2004;2;0.2;0.8;2.56;4.354
Sweden_b;2004;1;0.2;0.8;2.56;3.742
Belgium;2005;3;0.2;0.8;2.56;4.393
France;2005;2;0.2;0.8;2.56;6.612
Iceland_a;2005;3;0.2;0.8;2.56;1.201
Norway_a;2005;2;0.2;0.8;2.56;5.014
Sweden_a;2005;3;0.2;0.8;2.56;3.939
Sweden_b;2005;2;0.2;0.8;2.56;3.445
France;2006;3;0.2;0.8;2.56;4.985
Norway_a;2006;3;0.2;0.8;2.56;4.419
Sweden_b;2006;3;0.2;0.8;2.56;2.48
Belgium;2003;1;0;1;1;2.624
Iceland_a;2003;1;0;1;1;1.339
Sweden_a;2003;1;0;1;1;2.448
Belgium;2004;2;0;1;1;2.792
France;2004;1;0;1;1;3.069
Iceland_a;2004;2;0;1;1;1.69
Norway_a;2004;1;0;1;1;2.864
Sweden_a;2004;2;0;1;1;2.42
Sweden_b;2004;1;0;1;1;2.764
Belgium;2005;3;0;1;1;2.245
France;2005;2;0;1;1;4.727
Iceland_a;2005;3;0;1;1;1.659
Norway_a;2005;2;0;1;1;1.937
Sweden_a;2005;3;0;1;1;2.262
Sweden_b;2005;2;0;1;1;2.057
France;2006;3;0;1;1;4.004
Norway_a;2006;3;0;1;1;1.743
Sweden_b;2006;3;0;1;1;1.217
Belgium;2003;1;0;1;1;2.342
Iceland_a;2003;1;0;1;1;1.165
Sweden_a;2003;1;0;1;1;2.42
Belgium;2004;2;0;1;1;3.015
France;2004;1;0;1;1;3.377
Iceland_a;2004;2;0;1;1;0.965
Norway_a;2004;1;0;1;1;3.235
Sweden_a;2004;2;0;1;1;2.546
Sweden_b;2004;1;0;1;1;2.516
Belgium;2005;3;0;1;1;2.661
France;2005;2;0;1;1;5.25
Iceland_a;2005;3;0;1;1;1.223
Norway_a;2005;2;0;1;1;2.291
Sweden_a;2005;3;0;1;1;2.234
Sweden_b;2005;2;0;1;1;2.222
France;2006;3;0;1;1;4.407
Norway_a;2006;3;0;1;1;2.111
Sweden_b;2006;3;0;1;1;1.48
