Produit;Juge;Rang;intensite;frais;fleuri;sucre;boise;vanille;epice;fruite;entetant;agrume;animal;vegetal
Trésor;1;1;6;6;7;5;3;3;2;9;5;4;6;8
AmorAmor;1;2;5;5;7;5;6;2;4;8;7;9;8;6
HypnoticPoison;1;3;5;2;4;4;9;10;4;8;3;7;8;8
LolitaLempika;1;4;8;5;3;3;8;5;4;6;7;5;4;8
JAdore;1;5;9;10;10;3;3;1;4;5;10;7;3;9
CocoMademoiselle;1;6;8;3;7;6;8;2;7;6;7;7;8;8
LaPetiteRobeNoire;1;7;10;6;10;4;6;4;6;9;9;5;6;7
ChanelN5;1;8;10;10;10;9;7;3;7;3;NA;8;2;10
MissDior;1;9;8;8;9;7;9;2;7;6;9;7;8;7
Angel;1;10;6;5;5;3;8;5;8;9;5;6;6;7
Flower;1;11;6;9;9;7;7;3;7;8;5;6;6;8
Shalimar;1;12;7;7;6;6;3;3;3;8;6;10;4;9
AmorAmor;2;1;6;8;8;7;5;3;0;7;4;6;0;5
LolitaLempika;2;2;8;6;3;10;6;10;7;3;9;1;7;3
Trésor;2;3;8;3;5;6;6;6;4;3;9;3;8;3
CocoMademoiselle;2;4;8;6;4;7;7;4;4;7;10;2;8;3
HypnoticPoison;2;5;4;0;9;4;5;1;1;5;10;3;0;7
ChanelN5;2;6;7;8;8;4;4;2;2;6;6;7;5;7
JAdore;2;7;8;8;10;9;5;8;8;7;10;5;9;8
Angel;2;8;10;2;10;3;8;0;3;2;8;7;5;8
LaPetiteRobeNoire;2;9;8;8;4;10;6;8;8;8;10;3;9;2
Shalimar;2;10;9;3;10;4;8;0;10;2;10;3;2;10
MissDior;2;11;8;10;9;9;2;5;4;8;8;7;9;8
Flower;2;12;6;3;8;3;9;3;5;4;9;4;2;10
LolitaLempika;3;1;8;5;6;9;0;8;2;1;6;2;2;5
CocoMademoiselle;3;2;9;7;8;2;0;1;3;5;4;3;0;2
AmorAmor;3;3;8;3;4;8;0;5;1;2;7;2;0;0
ChanelN5;3;4;6;7;8;2;0;0;1;1;6;5;2;4
Trésor;3;5;3;3;1;8;3;1;1;1;3;1;0;3
Angel;3;6;10;0;3;8;2;8;7;2;9;0;3;2
HypnoticPoison;3;7;7;1;2;3;3;5;7;1;8;1;6;0
Shalimar;3;8;9;2;7;5;2;6;7;2;10;6;2;3
JAdore;3;9;6;8;7;4;1;1;1;3;6;0;0;2
Flower;3;10;7;2;2;2;1;2;2;1;6;1;1;0
LaPetiteRobeNoire;3;11;10;0;2;6;0;7;7;1;9;1;4;5
MissDior;3;12;6;6;9;5;7;4;4;1;5;2;4;3
CocoMademoiselle;4;1;8;5;8;8;4;5;2;7;8;4;1;7
ChanelN5;4;2;9;9;7;1;2;2;2;2;9;5;2;9
LolitaLempika;4;3;7;7;6;9;2;7;3;8;9;6;2;2
Angel;4;4;6;5;7;2;7;2;4;6;6;7;2;9
AmorAmor;4;5;7;5;3;10;2;5;3;6;8;3;1;4
Shalimar;4;6;9;9;2;2;2;5;8;7;9;3;2;4
Trésor;4;7;3;4;7;7;3;5;2;8;5;6;2;2
Flower;4;8;5;5;8;4;8;2;2;5;6;5;2;3
HypnoticPoison;4;9;8;4;4;6;3;8;5;5;8;2;2;4
MissDior;4;10;7;9;5;2;2;3;2;7;8;5;2;4
JAdore;4;11;6;5;7;4;4;5;4;4;7;5;2;6
LaPetiteRobeNoire;4;12;7;5;5;7;4;6;4;8;7;5;2;3
ChanelN5;5;1;6;8;3;2;1;1;2;4;7;5;1;8
Angel;5;2;8;7;9;7;6;1;1;8;3;8;1;8
CocoMademoiselle;5;3;6;8;6;8;7;2;2;6;4;8;1;8
Shalimar;5;4;3;3;3;NA;8;7;7;4;2;4;6;2
LolitaLempika;5;5;7;8;7;5;5;2;2;7;6;7;1;7
Flower;5;6;7;9;9;7;4;7;2;9;7;9;1;9
AmorAmor;5;7;9;9;7;6;8;6;5;8;5;10;2;8
MissDior;5;8;8;5;7;9;7;7;6;8;5;7;7;6
Trésor;5;9;9;4;4;6;8;7;7;7;8;5;9;1
LaPetiteRobeNoire;5;10;8;9;9;9;10;8;7;4;8;8;1;8
HypnoticPoison;5;11;9;3;5;6;9;8;9;3;7;3;8;8
JAdore;5;12;7;9;8;5;8;7;5;8;7;8;3;8
Angel;6;1;6;9;8;7;0;0;0;0;4;0;0;6
Shalimar;6;2;5;3;2;2;9;0;0;0;9;0;4;0
ChanelN5;6;3;3;6;8;9;0;0;0;9;8;6;0;5
Flower;6;4;4;4;5;5;0;0;0;7;7;9;0;4
CocoMademoiselle;6;5;8;6;8;7;0;0;0;9;5;9;0;4
MissDior;6;6;8;7;7;7;0;2;0;8;8;7;0;3
LolitaLempika;6;7;8;8;8;8;0;0;0;6;5;7;0;3
LaPetiteRobeNoire;6;8;9;8;7;6;2;3;0;8;9;10;0;4
AmorAmor;6;9;9;7;8;7;0;0;8;8;10;9;0;2
JAdore;6;10;9;7;6;7;0;0;7;9;7;10;0;1
Trésor;6;11;8;6;1;10;0;10;0;2;7;6;3;2
HypnoticPoison;6;12;7;2;0;1;4;5;2;2;9;0;8;0
Shalimar;7;1;6;8;4;5;6;1;4;4;5;2;1;6
Flower;7;2;5;5;6;6;2;3;5;5;5;4;2;5
Angel;7;3;6;4;8;8;6;6;3;7;7;6;2;8
MissDior;7;4;5;5;7;6;6;6;5;7;6;6;2;6
ChanelN5;7;5;7;8;6;3;4;2;2;4;9;4;2;8
LaPetiteRobeNoire;7;6;6;8;7;9;6;7;6;7;5;6;2;7
CocoMademoiselle;7;7;5;5;6;6;4;4;5;5;5;7;2;6
JAdore;7;8;6;8;7;6;5;3;4;4;6;6;2;3
LolitaLempika;7;9;5;5;7;7;4;4;5;5;6;5;2;5
HypnoticPoison;7;10;6;5;5;5;6;4;6;3;5;2;3;3
AmorAmor;7;11;5;8;5;2;2;2;2;2;2;3;2;3
Trésor;7;12;7;6;6;5;5;2;5;5;6;2;3;6
Flower;8;1;6;6;7;6;1;6;3;7;3;4;1;8
MissDior;8;2;8;6;6;7;5;5;3;7;8;6;6;6
Shalimar;8;3;8;6;6;8;6;2;3;5;10;4;6;2
LaPetiteRobeNoire;8;4;7;7;7;7;4;5;2;8;2;9;5;8
Angel;8;5;7;3;2;8;8;5;7;3;9;2;8;3
JAdore;8;6;3;6;9;7;7;3;1;4;0;4;1;9
ChanelN5;8;7;4;3;5;3;8;5;8;3;5;3;5;3
HypnoticPoison;8;8;5;6;6;9;1;9;0;5;5;5;2;3
CocoMademoiselle;8;9;7;7;8;6;6;2;2;5;6;6;4;8
Trésor;8;10;3;4;8;7;5;3;2;5;6;2;7;5
LolitaLempika;8;11;8;7;9;9;3;5;2;6;6;8;4;8
AmorAmor;8;12;4;8;8;6;1;2;3;8;5;8;1;8
MissDior;9;1;8;2;6;7;8;5;7;3;9;2;8;4
LaPetiteRobeNoire;9;2;9;5;6;9;1;7;2;8;9;3;4;7
Flower;9;3;8;2;5;3;2;8;2;6;8;3;7;3
JAdore;9;4;7;10;10;2;8;2;2;2;9;8;8;10
Shalimar;9;5;2;2;2;5;8;9;4;6;4;3;2;2
HypnoticPoison;9;6;9;2;2;7;9;3;4;3;9;6;9;9
Angel;9;7;9;1;2;9;8;8;8;3;9;6;9;9
Trésor;9;8;9;7;2;2;8;2;8;2;10;8;8;7
ChanelN5;9;9;8;9;8;2;9;2;2;2;9;9;9;3
AmorAmor;9;10;10;5;8;9;2;1;3;9;7;9;2;2
CocoMademoiselle;9;11;8;4;3;8;8;2;8;9;9;9;9;3
LolitaLempika;9;12;9;3;6;9;7;8;2;6;8;2;3;2
LaPetiteRobeNoire;10;1;6;5;3;8;7;9;8;5;6;2;0;3
JAdore;10;2;8;4;8;4;0;0;0;2;8;7;0;10
MissDior;10;3;7;6;6;6;0;7;5;7;6;8;0;7
HypnoticPoison;10;4;9;2;1;6;9;9;3;4;10;2;3;1
Flower;10;5;6;7;7;8;7;9;1;6;8;6;0;6
Trésor;10;6;10;6;5;9;6;3;2;1;7;6;3;2
Shalimar;10;7;10;8;2;1;4;0;5;10;8;10;0;4
AmorAmor;10;8;6;5;7;6;0;4;0;8;9;3;0;2
Angel;10;9;7;6;10;6;7;3;0;1;4;7;0;8
LolitaLempika;10;10;8;6;8;8;0;4;6;6;7;7;0;8
ChanelN5;10;11;9;3;10;1;7;0;1;2;10;2;5;10
CocoMademoiselle;10;12;7;10;6;4;3;4;3;6;8;7;0;7
JAdore;11;1;7;8;9;8;5;3;3;7;5;4;2;8
HypnoticPoison;11;2;7;5;5;7;7;7;5;7;8;1;8;4
LaPetiteRobeNoire;11;3;8;8;5;7;3;2;6;9;5;10;NA;9
Trésor;11;4;9;2;6;8;2;5;7;8;10;3;8;5
MissDior;11;5;9;7;8;6;2;7;7;6;9;1;9;4
AmorAmor;11;6;3;7;8;8;4;2;2;5;7;4;4;7
Flower;11;7;8;4;6;10;3;8;7;7;8;2;8;6
LolitaLempika;11;8;7;7;8;4;2;2;2;5;8;2;4;5
Shalimar;11;9;9;3;1;1;10;6;9;1;8;1;9;4
CocoMademoiselle;11;10;9;8;9;6;2;2;2;7;7;2;3;6
Angel;11;11;10;1;1;10;2;9;10;5;10;0;9;1
ChanelN5;11;12;3;7;8;7;2;3;2;8;6;2;3;8
HypnoticPoison;12;1;4;2;3;8;3;8;6;9;8;1;7;3
Trésor;12;2;5;5;7;3;2;5;4;6;8;2;4;7
JAdore;12;3;6;8;8;4;2;1;3;3;6;4;3;8
AmorAmor;12;4;7;7;7;5;4;3;6;6;5;4;2;7
LaPetiteRobeNoire;12;5;8;3;4;7;4;6;5;3;8;1;5;5
LolitaLempika;12;6;1;3;4;8;5;5;2;5;3;4;6;2
MissDior;12;7;8;5;7;5;4;3;6;7;9;1;5;5
CocoMademoiselle;12;8;8;5;5;5;6;4;7;6;8;7;4;7
Flower;12;9;10;1;4;10;7;9;6;1;10;1;9;1
ChanelN5;12;10;9;5;6;6;10;4;9;7;10;4;7;10
Shalimar;12;11;1;5;6;7;4;5;1;2;0;1;6;2
Angel;12;12;7;7;7;5;2;3;5;5;7;4;3;7
LolitaLempika;13;1;7;6;6;8;8;4;2;5;7;8;2;5
ChanelN5;13;2;7;8;9;6;6;5;7;7;8;7;3;6
JAdore;13;3;7;9;8;8;3;4;2;7;4;7;3;3
HypnoticPoison;13;4;7;8;8;9;3;8;7;8;8;2;3;5
CocoMademoiselle;13;5;8;6;8;6;7;3;7;5;9;4;5;6
Shalimar;13;6;8;9;8;9;4;8;7;8;8;7;2;3
Angel;13;7;8;8;8;6;5;6;4;6;5;6;3;4
LaPetiteRobeNoire;13;8;6;6;7;9;2;6;3;8;7;3;1;2
Flower;13;9;8;8;7;7;6;3;5;7;7;4;2;4
Trésor;13;10;5;4;8;5;4;2;3;4;6;7;6;7
MissDior;13;11;7;8;7;6;4;3;4;6;8;6;3;5
AmorAmor;13;12;4;7;7;6;7;6;4;6;7;8;4;5
ChanelN5;14;1;8;6;9;6;5;8;3;3;8;4;3;8
HypnoticPoison;14;2;4;6;7;7;5;8;4;4;5;3;2;5
LolitaLempika;14;3;7;5;7;7;4;7;3;6;7;7;4;6
Shalimar;14;4;7;6;8;7;6;6;4;8;8;7;6;5
JAdore;14;5;6;7;6;6;5;4;2;5;4;6;2;4
LaPetiteRobeNoire;14;6;7;6;4;4;7;8;4;6;6;6;2;5
CocoMademoiselle;14;7;6;7;7;7;5;5;3;6;7;8;2;4
Trésor;14;8;4;6;6;6;4;6;2;4;4;5;2;4
Angel;14;9;8;5;8;7;7;6;6;4;8;6;7;6
AmorAmor;14;10;6;6;7;7;3;5;3;6;5;7;2;4
Flower;14;11;4;5;5;5;4;5;1;2;3;2;3;5
MissDior;14;12;6;6;6;7;4;3;1;4;6;7;2;4
HypnoticPoison;15;1;8;6;5;8;0;6;6;4;0;3;0;2
Shalimar;15;2;10;4;3;4;9;3;5;3;9;4;0;7
ChanelN5;15;3;10;4;8;4;0;4;7;6;9;7;0;3
LaPetiteRobeNoire;15;4;7;4;3;8;0;2;4;9;9;9;0;0
LolitaLempika;15;5;8;4;8;9;4;9;4;3;8;1;0;0
Trésor;15;6;3;5;8;6;1;6;8;1;1;0;0;0
JAdore;15;7;3;5;1;1;0;1;2;0;9;5;0;3
AmorAmor;15;8;0;4;0;7;1;3;4;8;2;9;0;0
CocoMademoiselle;15;9;7;3;2;6;2;3;3;0;4;7;0;0
MissDior;15;10;6;6;8;8;0;6;8;0;7;0;0;0
Angel;15;11;8;3;2;6;8;2;6;0;6;0;1;0
Flower;15;12;3;6;8;6;0;0;2;1;0;3;0;2
Shalimar;16;1;9;1;0;0;9;0;0;0;10;0;0;0
LaPetiteRobeNoire;16;2;6;2;8;6;4;2;0;1;5;2;0;0
HypnoticPoison;16;3;6;4;9;2;0;8;0;1;0;0;0;0
Trésor;16;4;8;1;5;7;0;0;2;1;7;0;0;1
ChanelN5;16;5;9;0;1;2;4;0;3;0;9;0;0;0
AmorAmor;16;6;5;5;7;3;2;0;0;8;0;5;0;7
LolitaLempika;16;7;7;3;8;7;2;1;2;0;8;1;0;0
MissDior;16;8;8;4;3;6;8;0;1;2;6;3;0;6
JAdore;16;9;9;0;0;4;3;0;6;0;9;0;0;0
Flower;16;10;7;5;5;5;5;1;0;5;8;0;0;0
CocoMademoiselle;16;11;7;4;7;6;0;4;0;6;6;2;0;4
Angel;16;12;8;3;5;6;4;2;7;0;8;0;0;0
LaPetiteRobeNoire;17;1;8;2;5;9;9;0;9;9;10;3;10;0
Trésor;17;2;3;1;10;0;0;0;0;0;3;0;0;10
Shalimar;17;3;0;0;8;5;10;0;9;5;5;0;8;0
AmorAmor;17;4;10;3;0;10;7;0;5;5;10;8;9;0
HypnoticPoison;17;5;10;0;10;0;2;0;10;5;10;2;10;0
MissDior;17;6;2;2;6;10;10;7;5;8;10;2;7;2
ChanelN5;17;7;10;0;10;0;5;0;5;0;10;0;0;9
Flower;17;8;5;8;3;3;0;0;0;4;0;0;2;9
LolitaLempika;17;9;9;2;3;10;0;9;2;9;7;3;2;8
Angel;17;10;5;3;10;2;2;0;2;2;0;0;0;10
JAdore;17;11;9;4;1;9;7;0;7;0;10;0;10;0
CocoMademoiselle;17;12;10;0;0;0;10;0;10;0;10;0;10;0
Trésor;18;1;6;8;8;7;8;0;2;8;8;2;2;8
AmorAmor;18;2;7;8;8;3;7;2;6;8;8;8;0;8
LaPetiteRobeNoire;18;3;8;8;8;8;2;5;8;8;8;5;0;8
MissDior;18;4;9;9;9;7;9;0;9;8;5;1;0;8
Shalimar;18;5;3;5;8;8;6;6;6;0;8;0;0;6
Flower;18;6;9;9;9;6;9;3;8;8;9;0;0;9
HypnoticPoison;18;7;5;6;8;8;8;8;9;NA;8;0;0;8
Angel;18;8;8;7;7;8;9;5;5;8;8;8;2;8
ChanelN5;18;9;2;5;5;5;8;1;8;2;8;8;0;8
CocoMademoiselle;18;10;5;5;8;5;5;2;5;8;3;1;1;8
LolitaLempika;18;11;5;7;8;5;5;8;7;5;5;1;2;8
JAdore;18;12;5;8;8;5;5;1;8;8;5;0;0;8
AmorAmor;19;1;7;6;8;6;4;5;3;8;5;4;3;4
MissDior;19;2;7;7;9;6;3;4;2;5;5;4;2;7
Trésor;19;3;3;3;4;4;1;2;0;4;2;3;4;5
Flower;19;4;4;5;6;4;2;2;2;6;5;5;4;7
LaPetiteRobeNoire;19;5;7;6;8;8;4;4;3;6;6;5;3;7
Angel;19;6;10;2;3;2;5;1;7;1;10;2;6;4
Shalimar;19;7;8;3;4;4;2;3;2;7;7;5;3;6
CocoMademoiselle;19;8;7;3;7;7;3;4;3;6;5;5;3;6
HypnoticPoison;19;9;3;2;3;4;7;4;5;4;3;4;3;4
JAdore;19;10;6;5;7;3;2;2;3;7;5;3;3;4
ChanelN5;19;11;6;2;4;4;2;2;3;3;5;4;3;7
LolitaLempika;19;12;7;5;7;5;3;3;3;7;6;5;3;7
MissDior;20;1;7;7;8;6;2;5;2;7;9;4;0;3
Flower;20;2;4;4;3;3;1;9;3;2;5;1;NA;1
AmorAmor;20;3;5;9;8;8;3;1;2;8;3;9;0;3
Angel;20;4;9;8;9;8;4;2;2;3;8;0;2;2
Trésor;20;5;5;3;5;2;2;0;2;5;5;6;1;1
CocoMademoiselle;20;6;4;8;8;7;2;1;1;5;3;6;0;0
LaPetiteRobeNoire;20;7;8;8;8;9;1;0;1;8;7;5;0;1
JAdore;20;8;6;7;8;6;4;4;6;2;7;3;5;0
Shalimar;20;9;7;5;3;3;5;2;8;2;8;1;3;1
LolitaLempika;20;10;8;6;6;9;3;2;1;5;7;4;1;3
HypnoticPoison;20;11;8;6;3;5;5;9;3;1;6;2;4;5
ChanelN5;20;12;8;7;10;5;3;1;3;1;9;2;2;2
Angel;22;1;6;6;2;2;3;1;1;1;7;4;6;1
CocoMademoiselle;22;2;3;4;4;3;2;5;2;5;4;5;2;2
Flower;22;3;5;8;7;7;3;8;3;5;8;5;1;2
JAdore;22;4;4;3;3;6;2;7;3;3;6;2;2;3
MissDior;22;5;7;8;8;7;5;3;6;7;8;8;3;3
LolitaLempika;22;6;8;6;3;2;6;2;1;2;8;2;4;2
AmorAmor;22;7;6;7;6;3;8;3;3;3;4;3;3;6
ChanelN5;22;8;4;6;5;9;3;8;3;8;5;3;1;2
Trésor;22;9;7;8;8;8;3;7;5;9;3;7;1;2
HypnoticPoison;22;10;5;7;9;9;3;8;4;6;4;4;2;2
LaPetiteRobeNoire;22;11;7;8;6;5;4;6;6;6;4;6;2;2
Shalimar;22;12;6;8;6;4;4;6;3;7;6;7;2;4
CocoMademoiselle;23;1;7;3;6;7;7;0;8;1;10;1;0;9
JAdore;23;2;6;6;5;6;2;0;1;3;3;7;0;8
Angel;23;3;3;2;6;2;6;0;2;4;3;6;0;6
LolitaLempika;23;4;3;6;9;1;0;1;9;0;0;1;2;10
Flower;23;5;4;7;6;7;1;0;0;8;2;3;0;7
ChanelN5;23;6;8;3;4;4;1;0;2;4;9;2;5;5
MissDior;23;7;6;4;9;8;0;4;2;5;7;3;4;5
HypnoticPoison;23;8;8;2;9;9;7;2;2;4;6;3;3;5
AmorAmor;23;9;5;1;2;4;10;0;3;2;3;2;4;4
Trésor;23;11;7;2;3;1;4;1;2;2;7;3;3;4
Shalimar;23;10;6;0;5;2;8;0;1;2;6;2;5;5
LaPetiteRobeNoire;23;12;6;4;5;6;2;1;2;3;4;1;2;4
JAdore;24;1;8;4;8;7;4;2;4;3;3;3;4;6
LolitaLempika;24;2;8;3;9;4;8;6;7;5;8;6;5;8
CocoMademoiselle;24;3;5;6;9;5;2;7;5;8;3;5;3;3
ChanelN5;24;4;7;2;5;2;3;6;8;1;9;1;8;7
Angel;24;5;6;6;7;9;7;8;3;5;3;5;2;8
HypnoticPoison;24;6;7;2;8;4;7;NA;9;2;5;3;7;8
Flower;24;7;6;9;7;8;2;2;2;3;4;3;2;3
Shalimar;24;8;3;4;9;6;7;1;2;8;2;9;1;8
MissDior;24;9;2;9;7;6;2;2;5;7;1;6;0;6
LaPetiteRobeNoire;24;10;5;3;7;3;6;2;2;7;1;7;0;6
AmorAmor;24;11;3;7;4;7;3;1;2;8;4;8;1;7
Trésor;24;12;8;5;6;8;7;0;7;2;8;2;6;3
CocoMademoiselle;25;1;7;7;8;6;4;1;2;2;5;0;4;6
LolitaLempika;25;2;7;5;7;9;4;4;3;7;6;0;3;6
Angel;25;3;9;4;8;6;3;3;7;8;0;4;4;7
HypnoticPoison;25;4;3;6;5;10;5;7;2;7;5;0;2;5
ChanelN5;25;5;4;9;6;0;1;1;0;1;8;1;0;2
Flower;25;6;3;8;7;5;7;4;1;3;4;0;1;5
Trésor;25;7;4;6;6;4;5;4;2;3;3;1;0;5
AmorAmor;25;8;3;6;7;5;7;5;1;3;3;0;0;5
MissDior;25;9;7;7;7;6;6;3;1;6;7;0;3;4
LaPetiteRobeNoire;25;10;6;6;5;6;7;3;3;5;4;0;4;5
Shalimar;25;11;4;6;4;2;8;2;4;3;4;6;1;5
JAdore;25;12;6;4;9;5;8;4;1;5;5;2;3;8
LolitaLempika;26;1;9;5;6;4;7;8;5;7;7;4;7;2
HypnoticPoison;26;2;5;8;9;5;7;7;5;8;5;2;0;8
CocoMademoiselle;26;3;10;5;10;5;8;3;6;6;8;7;1;3
Flower;26;4;10;10;8;3;3;1;2;10;10;7;0;7
Angel;26;5;9;2;10;3;9;7;3;2;8;7;1;5
AmorAmor;26;6;8;6;7;5;4;3;3;7;8;6;1;8
ChanelN5;26;7;10;6;9;7;3;2;4;2;10;9;3;4
LaPetiteRobeNoire;26;8;9;7;4;7;6;8;4;9;5;7;2;4
Trésor;26;9;6;5;7;7;4;7;5;7;4;4;3;7
JAdore;26;10;10;10;9;5;4;4;6;5;10;8;2;8
MissDior;26;11;5;3;3;7;9;6;8;4;4;4;7;3
Shalimar;26;12;9;3;7;4;3;2;8;8;10;10;2;8
HypnoticPoison;27;1;6;7;7;3;5;9;5;7;5;6;0;8
Flower;27;2;7;6;7;5;5;0;7;6;5;7;1;5
LolitaLempika;27;3;5;3;6;4;4;6;3;5;5;5;0;7
AmorAmor;27;4;7;6;8;9;6;3;7;8;5;9;0;8
CocoMademoiselle;27;5;4;3;4;3;5;4;4;4;5;5;0;4
LaPetiteRobeNoire;27;6;7;6;8;8;5;5;2;8;5;5;0;8
Angel;27;7;3;3;7;8;0;0;3;3;5;3;8;0
JAdore;27;8;8;7;8;8;7;0;5;5;5;7;1;3
ChanelN5;27;9;8;0;2;1;5;0;1;2;5;1;5;0
Shalimar;27;10;6;6;4;3;5;1;5;3;5;4;0;3
Trésor;27;11;8;2;8;8;5;6;2;9;5;3;0;9
MissDior;27;12;5;3;6;8;NA;8;2;7;NA;1;0;8
Flower;28;1;8;7;4;6;5;8;8;3;7;4;4;6
AmorAmor;28;2;6;8;7;7;6;8;4;5;4;7;2;3
HypnoticPoison;28;3;7;2;6;6;7;7;7;3;8;2;4;3
LaPetiteRobeNoire;28;4;6;6;8;7;2;8;7;3;6;7;5;3
LolitaLempika;28;5;8;2;7;5;6;6;5;7;6;7;3;6
JAdore;28;6;6;7;8;7;5;8;7;4;6;3;4;7
CocoMademoiselle;28;7;8;3;6;5;6;7;7;4;7;5;4;4
Shalimar;28;8;9;1;4;3;8;7;8;2;8;2;6;3
Angel;28;9;5;8;4;4;4;5;4;7;6;4;4;5
MissDior;28;10;7;7;8;7;7;6;7;4;6;4;6;5
ChanelN5;28;11;8;2;6;7;8;7;7;7;8;3;7;4
Trésor;28;12;7;6;7;7;7;7;7;6;7;3;6;4
AmorAmor;29;1;7;2;8;7;0;3;8;3;9;0;0;0
LaPetiteRobeNoire;29;2;5;3;2;1;7;0;2;0;4;0;0;5
Flower;29;3;3;8;6;4;8;6;4;1;1;0;0;2
JAdore;29;4;6;8;5;7;1;7;7;7;3;0;0;3
HypnoticPoison;29;5;5;1;1;2;9;9;0;1;8;0;4;0
Shalimar;29;6;8;3;0;0;9;0;6;2;5;6;0;0
LolitaLempika;29;7;7;3;4;3;6;0;6;2;8;0;0;0
MissDior;29;8;5;7;6;2;6;6;0;2;3;0;0;6
CocoMademoiselle;29;9;5;8;5;4;1;2;5;3;3;0;0;5
Trésor;29;10;4;1;1;0;6;7;0;5;1;3;4;5
Angel;29;11;6;1;0;0;10;8;9;3;5;2;3;1
ChanelN5;29;12;6;7;8;2;5;2;0;3;3;0;0;7
LaPetiteRobeNoire;30;1;7;5;2;9;2;3;2;4;6;2;2;1
JAdore;30;2;8;8;8;4;3;1;2;4;8;3;1;5
AmorAmor;30;3;5;8;5;5;3;1;5;6;5;8;1;3
Shalimar;30;4;10;1;1;0;5;1;8;1;10;1;6;2
Flower;30;5;6;8;6;7;1;1;2;2;7;2;1;1
MissDior;30;6;8;8;8;8;1;2;2;5;8;2;0;0
HypnoticPoison;30;7;7;3;6;10;1;8;1;1;9;1;1;1
Trésor;30;8;4;4;4;5;1;1;1;2;5;8;1;3
LolitaLempika;30;9;8;7;7;9;2;1;1;4;9;1;1;3
ChanelN5;30;10;9;9;1;1;1;0;0;7;10;9;2;3
CocoMademoiselle;30;11;9;8;8;7;1;1;3;4;8;1;1;2
Angel;30;12;9;2;2;0;8;1;4;1;9;1;6;3
JAdore;31;1;7;9;6;2;2;1;0;3;5;5;1;6
Shalimar;31;2;9;3;0;5;8;1;7;7;8;6;9;8
LaPetiteRobeNoire;31;3;4;8;7;8;3;3;0;6;9;5;2;7
MissDior;31;4;8;6;8;7;6;5;1;3;7;8;6;8
AmorAmor;31;5;7;9;10;3;5;2;2;6;8;5;3;6
Trésor;31;6;7;3;6;2;6;2;6;4;9;2;8;2
Flower;31;7;7;9;10;2;3;1;2;10;8;6;5;8
ChanelN5;31;8;9;1;3;3;8;4;2;0;9;2;9;4
HypnoticPoison;31;9;8;4;4;8;9;6;4;3;7;3;7;5
Angel;31;10;8;3;4;3;7;2;1;6;7;4;7;6
LolitaLempika;31;11;6;8;7;5;2;6;5;4;6;7;3;7
CocoMademoiselle;31;12;6;4;5;5;7;3;4;7;8;7;7;7
Shalimar;32;1;8;7;7;4;6;2;2;3;2;7;1;8
MissDior;32;2;6;3;8;4;6;3;7;3;8;4;2;6
JAdore;32;3;8;2;3;2;3;2;1;2;9;7;1;2
Trésor;32;4;6;2;2;7;5;2;7;3;8;2;6;7
LaPetiteRobeNoire;32;5;7;7;8;5;4;7;7;7;6;3;4;7
ChanelN5;32;6;9;3;3;2;2;1;1;1;9;2;1;2
AmorAmor;32;7;6;6;6;6;8;2;7;8;7;8;3;7
Angel;32;8;6;3;6;3;7;3;4;7;7;7;3;6
Flower;32;9;7;6;3;2;3;2;2;2;6;2;3;2
CocoMademoiselle;32;10;6;6;4;6;7;3;6;6;6;6;2;7
HypnoticPoison;32;11;7;6;4;6;3;7;7;4;7;3;3;3
LolitaLempika;32;12;6;6;7;6;6;7;8;3;7;2;4;4
MissDior;33;1;7;8;5;2;4;2;2;2;6;6;1;5
Trésor;33;2;7;0;1;1;6;1;4;1;10;8;3;3
Shalimar;33;3;8;1;2;0;10;1;9;0;10;0;3;8
ChanelN5;33;4;8;3;3;1;0;1;5;4;9;5;0;8
JAdore;33;5;7;3;7;3;0;4;5;8;5;4;2;4
Angel;33;6;10;6;9;2;8;2;8;1;6;8;3;4
LaPetiteRobeNoire;33;7;7;7;4;0;0;2;4;7;8;8;2;5
CocoMademoiselle;33;8;1;8;5;4;1;4;7;8;2;3;1;4
AmorAmor;33;9;8;4;4;7;0;4;2;8;6;7;3;2
LolitaLempika;33;10;8;1;3;2;2;4;2;7;7;2;3;4
Flower;33;11;7;7;5;2;5;6;5;2;6;2;3;4
HypnoticPoison;33;12;5;7;7;4;6;1;5;3;7;4;5;3
Trésor;34;1;9;3;4;5;6;3;7;5;10;5;7;3
ChanelN5;34;2;9;1;2;1;8;3;4;2;10;5;9;5
MissDior;34;3;6;7;8;7;10;6;7;9;7;7;6;8
Angel;34;4;10;4;6;7;10;4;8;4;10;3;6;5
Shalimar;34;5;6;4;8;5;9;4;8;3;10;3;9;7
CocoMademoiselle;34;6;5;8;9;10;7;7;5;9;7;8;6;6
JAdore;34;7;2;6;4;5;7;5;8;8;10;9;1;4
LolitaLempika;34;8;7;9;10;10;5;7;5;10;7;8;4;7
LaPetiteRobeNoire;34;9;9;7;7;8;7;7;8;9;9;8;8;5
HypnoticPoison;34;10;5;1;4;6;10;10;6;7;8;3;7;8
AmorAmor;34;11;8;10;10;10;5;6;9;9;9;9;7;10
Flower;34;12;8;5;6;7;10;5;8;3;9;5;8;8
ChanelN5;35;1;9;3;8;7;6;2;6;6;9;2;6;7
Angel;35;2;9;6;6;9;1;9;3;10;7;5;0;7
Trésor;35;3;6;8;6;6;8;2;9;6;7;3;3;7
CocoMademoiselle;35;4;10;6;3;3;9;1;9;5;10;7;3;2
MissDior;35;5;8;7;9;10;1;5;3;8;7;6;0;5
LolitaLempika;35;6;9;5;8;8;6;4;6;8;7;5;2;7
Shalimar;35;7;9;2;4;2;9;1;10;2;10;6;6;6
HypnoticPoison;35;8;7;7;7;7;2;9;3;5;5;7;1;2
JAdore;35;9;9;8;8;7;2;2;1;7;7;7;1;3
Flower;35;10;8;7;10;7;4;5;7;8;6;6;0;7
LaPetiteRobeNoire;35;11;7;8;9;9;2;6;5;7;5;8;1;3
AmorAmor;35;12;8;8;7;7;4;4;5;7;6;9;1;5
Angel;36;1;6;2;2;4;3;3;7;3;8;2;5;6
CocoMademoiselle;36;2;7;6;5;6;6;5;2;6;7;5;3;7
ChanelN5;36;3;5;6;6;2;3;2;2;3;2;4;2;2
LolitaLempika;36;4;1;2;3;4;2;6;3;3;2;2;5;2
Trésor;36;5;4;7;6;4;2;1;1;3;2;4;2;3
HypnoticPoison;36;6;3;2;2;5;1;4;2;3;2;4;3;3
MissDior;36;7;7;6;6;6;5;3;4;5;4;4;4;3
Flower;36;8;6;5;4;6;4;3;3;4;4;3;3;5
Shalimar;36;9;5;3;5;4;3;3;6;3;5;3;4;3
AmorAmor;36;10;4;7;6;NA;7;3;2;6;4;6;2;4
JAdore;36;11;6;5;5;6;5;4;3;4;3;4;3;4
LaPetiteRobeNoire;36;12;3;3;2;6;4;7;3;3;3;2;4;3
Angel;37;1;8;5;5;7;5;5;5;4;8;4;9;3
Flower;37;2;8;6;8;6;7;4;4;5;7;4;6;7
LolitaLempika;37;3;9;5;6;8;7;5;5;4;8;4;8;4
Trésor;37;4;6;7;8;6;7;5;4;4;7;5;4;8
ChanelN5;37;5;8;3;8;3;7;3;3;3;9;5;5;7
HypnoticPoison;37;6;6;5;7;7;8;3;3;5;7;4;4;8
CocoMademoiselle;37;7;8;5;7;8;5;5;5;4;7;6;8;6
Shalimar;37;8;7;7;7;4;7;4;7;5;8;7;7;6
MissDior;37;9;8;5;5;8;4;6;6;7;8;6;8;6
LaPetiteRobeNoire;37;10;7;7;7;7;5;4;5;7;7;7;7;6
JAdore;37;11;8;7;8;6;5;6;6;5;8;6;6;7
AmorAmor;37;12;7;7;7;5;5;5;7;7;6;7;6;7
Flower;38;1;6;6;2;2;3;1;1;1;7;4;6;1
Trésor;38;2;3;4;4;3;2;5;2;5;4;5;2;2
Angel;38;3;5;8;7;7;3;8;3;5;8;5;1;2
HypnoticPoison;38;4;4;3;3;6;2;7;3;3;6;2;2;3
LolitaLempika;38;5;7;8;8;7;5;3;6;7;8;8;3;3
Shalimar;38;6;8;6;3;2;6;2;1;2;8;2;4;2
ChanelN5;38;7;6;7;6;3;8;3;3;3;4;3;3;6
LaPetiteRobeNoire;38;8;4;6;5;9;3;8;3;8;5;3;1;2
CocoMademoiselle;38;9;7;8;8;8;3;7;5;9;3;7;1;2
AmorAmor;38;10;5;7;9;9;3;8;4;6;4;4;2;2
MissDior;38;11;7;8;6;5;4;6;6;6;4;6;2;2
JAdore;38;12;6;8;6;4;4;6;3;7;6;7;2;4
Trésor;39;1;8;7;7;4;6;2;2;3;2;7;1;8
HypnoticPoison;39;2;6;3;8;4;6;3;7;3;8;4;2;6
Flower;39;3;8;2;3;2;3;2;1;2;9;7;1;2
Shalimar;39;4;6;2;2;7;5;2;7;3;8;2;6;7
Angel;39;5;7;7;8;5;4;7;7;7;6;3;4;7
LaPetiteRobeNoire;39;6;9;3;3;2;2;1;1;1;9;2;1;2
LolitaLempika;39;7;6;6;6;6;8;2;7;8;7;8;3;7
AmorAmor;39;8;6;3;6;3;7;3;4;7;7;7;3;6
ChanelN5;39;9;7;6;3;2;3;2;2;2;6;2;3;2
JAdore;39;10;6;6;4;6;7;3;6;6;6;6;2;7
CocoMademoiselle;39;11;7;6;4;6;3;7;7;4;7;3;3;3
MissDior;39;12;6;6;7;6;6;7;8;3;7;2;4;4
HypnoticPoison;40;1;8;3;7;9;4;9;2;4;9;2;2;3
Shalimar;40;2;8;2;4;4;8;2;8;2;6;4;8;2
Trésor;40;3;7;6;4;5;8;2;6;3;6;5;6;6
LaPetiteRobeNoire;40;4;6;7;8;8;4;5;4;4;7;5;4;5
Flower;40;5;7;4;5;8;0;7;3;3;8;6;5;2
AmorAmor;40;6;7;7;5;7;3;NA;2;8;6;8;2;7
Angel;40;7;8;2;6;7;7;4;5;8;7;7;7;2
JAdore;40;8;7;8;5;3;3;2;4;8;6;7;5;8
LolitaLempika;40;9;8;4;6;7;3;6;7;4;9;3;7;4
MissDior;40;10;7;8;7;4;7;4;6;5;6;7;3;8
ChanelN5;40;11;8;3;4;9;3;5;2;3;7;4;3;5
CocoMademoiselle;40;12;7;8;5;4;7;2;7;5;8;6;5;8
Shalimar;41;1;9;6;9;8;7;8;2;9;5;3;0;8
LaPetiteRobeNoire;41;2;8;5;10;6;8;3;6;9;9;6;2;8
HypnoticPoison;41;3;3;10;5;2;3;6;7;2;6;5;5;4
AmorAmor;41;4;7;7;7;9;2;6;2;8;7;9;1;4
Trésor;41;5;5;4;5;3;1;3;8;3;8;6;5;7
JAdore;41;6;9;9;10;6;7;5;8;6;10;8;0;9
Flower;41;7;8;5;5;8;7;2;4;9;9;9;0;8
MissDior;41;8;6;5;2;5;7;2;7;4;6;6;1;7
Angel;41;9;9;8;5;4;3;1;5;9;9;8;0;8
CocoMademoiselle;41;10;7;7;7;4;2;1;6;6;9;8;0;7
LolitaLempika;41;11;7;8;9;7;2;3;6;9;6;4;2;7
ChanelN5;41;12;10;0;5;3;8;0;9;3;10;8;8;3
LaPetiteRobeNoire;42;1;7;2;7;9;1;8;4;7;7;4;1;3
AmorAmor;42;2;6;4;4;4;6;7;5;7;3;5;2;7
Shalimar;42;3;6;5;2;3;7;3;7;3;3;3;8;3
JAdore;42;4;7;1;3;2;5;2;2;2;4;2;2;8
HypnoticPoison;42;5;8;1;1;3;4;5;6;6;7;2;6;8
MissDior;42;6;7;8;6;7;3;8;4;6;7;5;2;5
Trésor;42;7;2;3;7;6;3;5;5;6;8;3;2;6
CocoMademoiselle;42;8;5;7;4;3;3;2;4;4;6;2;4;9
Flower;42;9;7;5;3;4;7;2;4;4;7;4;6;3
ChanelN5;42;10;8;3;1;0;1;2;4;3;5;2;2;7
Angel;42;11;5;5;3;4;6;3;6;4;4;2;6;4
LolitaLempika;42;12;2;6;3;1;3;6;4;2;2;4;3;5
AmorAmor;43;1;10;10;5;5;5;0;3;0;8;2;1;1
JAdore;43;2;7;10;10;4;1;0;7;7;2;7;0;7
LaPetiteRobeNoire;43;3;4;1;1;7;10;8;10;3;10;3;0;0
MissDior;43;4;8;10;2;0;0;4;7;9;5;9;1;3
Shalimar;43;5;8;1;8;0;10;0;10;0;10;0;7;0
CocoMademoiselle;43;6;3;9;2;1;0;9;5;7;6;10;0;3
HypnoticPoison;43;7;6;5;2;10;3;8;5;4;1;0;0;0
ChanelN5;43;8;2;0;0;0;9;0;10;0;10;8;9;0
Trésor;43;9;5;2;2;10;1;10;0;1;0;0;0;2
LolitaLempika;43;10;3;5;0;1;7;0;10;7;10;6;0;9
Flower;43;11;5;5;8;10;0;10;0;2;1;2;0;3
Angel;43;12;10;10;10;2;2;3;8;3;10;7;1;0
JAdore;44;1;8;5;7;6;3;2;1;8;1;0;0;0
MissDior;44;2;10;0;2;3;8;2;8;2;10;5;3;6
AmorAmor;44;3;9;4;9;5;8;5;10;5;10;9;9;2
CocoMademoiselle;44;4;9;1;8;5;8;2;9;2;10;8;5;1
LaPetiteRobeNoire;44;5;8;6;1;6;9;8;9;1;10;9;8;10
ChanelN5;44;6;10;0;7;4;10;6;9;7;10;10;9;8
Shalimar;44;7;8;6;7;7;9;4;8;6;10;9;7;9
LolitaLempika;44;8;8;8;8;8;5;7;3;7;3;7;1;1
HypnoticPoison;44;9;8;4;8;8;7;8;4;7;5;5;1;1
Angel;44;10;5;8;9;8;5;4;7;8;8;8;1;1
Trésor;44;11;5;8;6;5;6;5;6;4;3;5;1;3
Flower;44;12;5;9;9;8;1;7;1;4;0;3;0;0
MissDior;45;1;9;8;8;2;2;3;8;3;10;7;1;0
CocoMademoiselle;45;2;7;8;6;9;8;9;1;1;1;6;1;7
JAdore;45;3;4;9;9;8;0;9;1;9;10;5;0;7
ChanelN5;45;4;3;2;7;9;3;9;1;2;3;8;0;7
AmorAmor;45;5;5;9;9;10;1;3;1;9;9;10;1;8
LolitaLempika;45;6;7;6;9;5;1;9;8;2;7;7;2;6
LaPetiteRobeNoire;45;7;9;8;8;6;7;8;9;4;9;4;2;8
Angel;45;8;8;8;9;2;8;2;7;2;8;2;8;8
Shalimar;45;9;9;9;9;1;3;9;8;2;8;2;7;6
Flower;45;10;8;7;8;8;4;10;6;8;9;3;1;8
HypnoticPoison;45;11;8;8;4;7;8;3;7;2;8;2;3;9
Trésor;45;12;2;4;2;2;8;3;7;2;1;2;9;8
CocoMademoiselle;46;1;7;5;2;3;2;1;3;6;1;2;1;8
ChanelN5;46;2;2;1;NA;2;1;1;1;1;9;1;1;9
MissDior;46;3;7;0;3;10;0;8;0;9;7;0;0;9
LolitaLempika;46;4;4;2;4;10;0;3;0;9;6;1;0;0
JAdore;46;5;5;5;9;2;8;2;0;6;0;2;0;8
Angel;46;6;3;0;5;7;0;4;9;10;8;9;4;6
AmorAmor;46;7;5;6;8;8;0;5;0;9;2;4;0;0
Flower;46;8;0;3;9;5;2;3;0;9;9;2;8;0
LaPetiteRobeNoire;46;9;5;3;8;10;0;9;0;8;7;0;0;5
Trésor;46;10;6;8;8;4;7;0;5;5;5;0;8;0
Shalimar;46;11;9;9;8;2;8;9;0;0;1;0;0;7
HypnoticPoison;46;12;3;2;5;9;0;9;7;9;3;0;0;6
ChanelN5;47;1;2;3;5;4;1;2;1;2;2;0;0;9
LolitaLempika;47;2;5;4;4;7;2;3;3;3;5;3;1;4
CocoMademoiselle;47;3;6;4;3;6;0;3;7;7;6;1;4;5
Angel;47;4;8;3;5;8;1;5;6;6;8;3;7;3
MissDior;47;5;5;6;6;5;0;2;1;5;4;3;3;6
Flower;47;6;7;3;4;5;2;4;3;8;9;3;9;7
JAdore;47;7;7;4;4;5;0;2;1;5;4;1;4;8
Trésor;47;8;10;1;4;5;9;2;6;2;8;5;2;6
AmorAmor;47;9;6;5;7;5;3;2;3;5;7;7;5;8
HypnoticPoison;47;10;7;1;1;8;0;6;2;2;7;2;3;5
LaPetiteRobeNoire;47;11;3;3;5;5;0;3;0;3;3;1;3;3
Shalimar;47;12;7;1;1;5;8;2;7;2;10;2;8;5
LolitaLempika;48;1;7;6;8;9;7;6;8;6;9;6;3;7
Angel;48;2;10;1;9;7;9;7;9;3;9;7;2;10
ChanelN5;48;3;9;2;8;8;8;7;8;7;9;6;2;8
Flower;48;4;8;7;9;9;7;8;7;7;7;7;2;6
CocoMademoiselle;48;5;7;7;8;7;6;7;7;7;8;6;3;7
Trésor;48;6;7;9;8;8;3;7;6;7;3;3;1;6
MissDior;48;7;8;7;8;7;7;8;7;8;7;6;1;6
HypnoticPoison;48;8;6;7;6;8;3;9;4;8;7;3;2;6
JAdore;48;9;3;6;4;6;7;6;7;4;2;6;4;6
Shalimar;48;10;8;2;8;7;8;7;9;6;9;3;4;8
AmorAmor;48;11;7;8;8;7;4;7;6;6;3;6;1;4
LaPetiteRobeNoire;48;12;7;7;7;9;4;8;4;6;6;2;1;3
HypnoticPoison;49;1;6;4;6;7;3;6;4;8;8;2;1;4
Angel;49;2;7;3;3;4;6;4;4;5;6;1;6;2
ChanelN5;49;3;5;3;2;6;6;6;4;5;6;2;6;2
MissDior;49;4;6;7;6;7;4;3;3;5;7;3;5;4
Shalimar;49;5;6;7;5;6;3;7;5;6;4;4;2;6
AmorAmor;49;6;6;7;6;7;3;5;4;7;5;7;4;7
Flower;49;7;8;5;5;6;3;6;4;6;7;7;2;5
Trésor;49;8;6;7;7;6;3;6;6;7;7;5;3;6
JAdore;49;9;8;8;6;5;4;6;4;7;6;4;4;7
LolitaLempika;49;10;8;4;6;6;3;7;6;6;8;3;6;5
CocoMademoiselle;49;11;8;8;5;5;6;4;6;4;6;6;4;6
LaPetiteRobeNoire;49;12;7;7;7;8;4;5;6;6;7;4;5;5
Angel;50;1;10;7;1;10;10;8;4;0;10;1;0;0
MissDior;50;2;10;2;6;7;7;9;0;6;2;7;0;0
HypnoticPoison;50;3;3;5;7;10;10;10;2;3;1;4;10;1
AmorAmor;50;4;10;10;0;7;0;0;6;4;0;10;0;4
ChanelN5;50;5;10;10;10;9;8;0;9;0;10;0;6;0
Trésor;50;6;6;2;7;10;8;5;4;7;0;9;0;0
Shalimar;50;7;10;2;6;10;10;10;8;1;6;3;4;0
LolitaLempika;50;8;7;8;9;8;10;10;0;1;0;0;0;0
Flower;50;9;6;3;5;4;7;0;3;0;0;2;4;2
LaPetiteRobeNoire;50;10;10;8;10;8;8;2;9;2;8;0;0;6
JAdore;50;11;6;9;9;7;3;0;4;9;1;7;0;3
CocoMademoiselle;50;12;10;9;4;7;10;0;9;0;10;2;3;0
MissDior;51;1;8;5;7;6;8;2;6;6;5;5;4;3
AmorAmor;51;2;5;5;2;9;1;7;4;7;4;6;1;7
Angel;51;3;10;0;8;7;9;5;4;0;10;7;7;6
Trésor;51;4;9;0;9;8;7;3;6;8;10;0;0;10
HypnoticPoison;51;5;8;0;6;7;9;10;7;4;10;0;3;8
LolitaLempika;51;6;7;6;8;9;2;5;4;7;5;2;0;8
ChanelN5;51;7;8;0;9;7;3;2;3;8;9;5;1;8
LaPetiteRobeNoire;51;8;7;8;8;9;0;4;6;9;7;6;1;7
Flower;51;9;8;0;9;7;6;2;5;6;6;3;0;10
CocoMademoiselle;51;10;7;1;8;7;7;2;6;7;8;1;0;10
Shalimar;51;11;9;1;8;8;7;4;8;7;10;0;5;6
JAdore;51;12;8;7;8;8;1;4;2;8;8;2;1;7
AmorAmor;52;1;8;6;5;3;5;4;4;7;6;4;5;4
Trésor;52;2;10;6;7;7;1;7;1;8;9;2;1;9
MissDior;52;3;7;5;8;2;5;5;8;7;9;8;9;3
LolitaLempika;52;4;7;6;6;5;8;5;5;9;7;9;6;7
Angel;52;5;8;6;6;7;3;4;1;2;10;5;7;6
LaPetiteRobeNoire;52;6;7;7;6;4;6;2;1;7;4;6;6;6
HypnoticPoison;52;7;4;5;4;4;6;4;2;1;8;4;9;2
CocoMademoiselle;52;8;7;7;6;4;7;3;2;7;7;5;7;7
ChanelN5;52;9;6;1;5;2;6;3;2;1;7;6;7;7
JAdore;52;10;7;9;7;5;4;3;1;5;7;7;7;5
Shalimar;52;11;9;7;7;6;7;6;3;5;9;5;6;9
Flower;52;12;6;3;5;1;8;3;1;3;6;3;7;5
Trésor;53;1;9;9;7;8;8;7;3;4;8;1;6;6
LolitaLempika;53;2;7;4;5;9;8;3;7;3;9;2;6;3
AmorAmor;53;3;7;9;5;6;3;2;3;10;4;10;3;7
LaPetiteRobeNoire;53;4;6;6;8;7;7;2;6;7;9;6;8;6
MissDior;53;5;6;9;5;5;7;4;4;6;4;4;6;5
CocoMademoiselle;53;6;6;7;4;7;7;5;6;6;5;6;6;5
Angel;53;7;7;3;9;10;2;2;5;5;9;1;0;10
JAdore;53;8;5;7;8;6;7;5;6;6;6;3;4;7
HypnoticPoison;53;9;6;4;5;9;7;6;6;5;9;2;4;9
Flower;53;10;6;8;7;6;6;3;3;4;3;3;6;4
ChanelN5;53;11;8;6;9;7;4;2;2;2;9;1;1;9
Shalimar;53;12;6;5;7;6;6;5;5;6;6;6;6;5
LolitaLempika;54;1;7;8;7;6;8;5;7;6;8;7;6;4
LaPetiteRobeNoire;54;2;9;7;8;6;8;5;9;8;9;7;6;6
Trésor;54;3;3;3;2;2;3;2;2;2;2;3;2;2
CocoMademoiselle;54;4;7;8;8;6;7;5;5;9;6;6;7;6
AmorAmor;54;5;6;7;8;6;5;6;5;6;5;7;7;5
JAdore;54;6;7;8;8;6;8;7;7;8;8;7;8;6
MissDior;54;7;8;7;8;7;8;6;8;8;8;7;7;6
Flower;54;8;8;8;7;7;7;9;8;7;7;7;6;6
Angel;54;9;7;6;5;6;8;6;7;6;7;6;6;6
Shalimar;54;10;8;7;8;6;8;7;8;6;7;6;5;5
HypnoticPoison;54;11;5;7;7;8;8;8;7;7;6;7;6;7
ChanelN5;54;12;8;7;7;6;8;6;8;7;6;7;6;6
LaPetiteRobeNoire;55;1;8;6;5;7;8;7;5;4;8;5;5;7
CocoMademoiselle;55;2;6;8;8;4;4;2;2;7;3;5;3;7
LolitaLempika;55;3;5;7;8;8;3;3;3;4;7;3;4;7
JAdore;55;4;8;7;8;7;7;1;4;4;6;3;7;6
Trésor;55;5;8;3;4;4;8;3;5;2;8;2;7;3
Flower;55;6;8;7;9;4;4;3;3;4;8;3;3;6
AmorAmor;55;7;7;6;7;7;5;2;3;6;8;3;4;4
Shalimar;55;8;10;2;7;2;8;1;10;2;10;1;8;8
MissDior;55;9;8;7;6;7;7;3;7;8;8;7;8;5
ChanelN5;55;10;10;8;9;6;2;1;2;5;9;2;3;7
Angel;55;11;10;1;8;5;8;5;7;4;10;2;10;7
HypnoticPoison;55;12;10;3;8;4;6;6;3;3;8;2;3;3
CocoMademoiselle;56;1;8;4;6;3;5;2;7;3;8;3;7;2
JAdore;56;2;8;8;8;4;5;4;3;8;4;7;2;7
LaPetiteRobeNoire;56;3;10;2;2;5;3;2;8;3;9;2;8;2
Flower;56;4;7;4;7;3;8;3;5;5;3;5;3;4
LolitaLempika;56;5;7;6;4;5;6;7;7;6;3;6;7;4
Shalimar;56;6;10;2;9;2;3;3;7;1;10;3;9;9
Trésor;56;7;7;8;8;8;5;7;5;8;7;2;3;8
ChanelN5;56;8;10;2;2;2;8;8;8;2;10;2;9;2
AmorAmor;56;9;5;5;4;5;7;3;2;7;3;NA;3;5
HypnoticPoison;56;10;7;5;6;5;6;7;6;6;5;4;6;4
MissDior;56;11;8;7;8;7;7;5;6;7;5;5;3;7
Angel;56;12;9;2;9;2;9;7;8;3;10;2;9;1
JAdore;57;1;5;7;6;4;5;6;3;3;6;2;1;4
Flower;57;2;7;5;7;8;2;6;7;8;4;8;1;3
CocoMademoiselle;57;3;9;4;9;6;8;6;4;9;9;3;1;5
Shalimar;57;4;8;1;1;8;7;8;9;4;9;4;8;6
LaPetiteRobeNoire;57;5;8;6;9;2;7;5;7;6;8;5;7;8
ChanelN5;57;6;6;7;8;3;2;5;4;7;3;7;1;8
LolitaLempika;57;7;7;5;8;8;6;6;7;8;6;7;1;4
HypnoticPoison;57;8;2;1;1;6;8;7;7;1;5;1;8;7
Trésor;57;9;7;9;7;1;1;2;2;5;6;7;1;6
Angel;57;10;8;1;6;6;7;6;6;3;6;1;9;8
AmorAmor;57;11;6;7;6;3;1;3;2;7;5;9;1;3
MissDior;57;12;9;6;9;5;3;4;2;7;7;3;1;4
Flower;58;1;6;4;2;4;9;7;8;3;5;2;7;7
Shalimar;58;2;9;3;8;2;8;2;8;3;8;7;5;5
JAdore;58;3;7;8;7;8;0;1;0;9;5;3;3;8
ChanelN5;58;4;9;0;4;3;10;5;9;4;9;7;7;4
CocoMademoiselle;58;5;7;10;9;9;1;3;2;8;4;8;0;8
HypnoticPoison;58;6;8;8;NA;10;0;8;1;9;8;7;0;7
LaPetiteRobeNoire;58;7;7;3;5;8;5;7;7;7;8;8;5;3
Angel;58;8;8;2;5;0;7;8;10;NA;8;8;8;2
LolitaLempika;58;9;3;8;5;7;6;6;5;7;4;6;2;6
MissDior;58;10;7;7;9;7;7;6;2;8;4;5;5;7
Trésor;58;11;8;1;7;5;9;7;6;5;7;7;7;3
AmorAmor;58;12;8;8;8;8;0;5;2;10;7;7;2;7
Shalimar;59;1;8;4;4;8;7;7;8;4;9;2;4;5
ChanelN5;59;2;5;6;4;3;3;4;2;2;5;3;6;8
Flower;59;3;3;6;8;10;6;8;2;5;3;3;2;6
HypnoticPoison;59;4;6;8;8;9;9;8;3;6;5;3;4;7
JAdore;59;5;6;8;7;6;5;3;2;3;4;6;3;5
Angel;59;6;7;2;5;3;9;8;8;4;10;4;9;3
CocoMademoiselle;59;7;6;7;9;7;8;4;4;5;5;4;5;7
MissDior;59;8;4;4;8;9;7;6;4;5;5;6;4;8
LaPetiteRobeNoire;59;9;8;1;9;10;8;3;4;4;8;2;9;8
AmorAmor;59;10;6;7;9;6;7;5;5;7;6;6;6;7
LolitaLempika;59;11;7;2;9;9;8;5;6;4;9;4;4;3
Trésor;59;12;3;3;7;10;8;5;6;8;6;4;8;7
ChanelN5;60;1;8;2;3;6;9;4;8;1;10;0;3;2
HypnoticPoison;60;2;8;2;3;9;1;9;7;4;8;1;2;2
Shalimar;60;3;8;7;3;2;5;2;8;6;9;7;1;4
Angel;60;4;7;2;5;9;2;6;6;3;9;6;6;4
Flower;60;5;6;6;7;5;3;4;2;3;6;2;0;4
MissDior;60;6;6;7;7;6;2;5;4;4;7;2;1;5
JAdore;60;7;7;5;7;7;2;4;6;6;7;2;3;1
AmorAmor;60;8;6;4;6;4;3;4;5;4;6;7;2;4
CocoMademoiselle;60;9;6;6;5;6;6;3;3;3;6;6;1;5
Trésor;60;10;8;4;6;7;3;6;4;3;7;2;4;1
LaPetiteRobeNoire;60;11;9;2;3;8;4;5;8;4;9;2;4;3
LolitaLempika;60;12;7;3;4;7;5;7;6;7;8;4;3;2
Angel;61;1;9;1;1;10;8;10;7;1;10;0;8;0
ChanelN5;61;2;7;5;10;3;3;0;2;6;5;2;5;5
Flower;61;3;3;7;6;3;1;0;0;3;2;3;0;8
HypnoticPoison;61;4;7;2;4;7;6;4;5;9;0;6;0;NA
JAdore;61;5;5;6;9;4;2;3;2;8;5;0;4;7
CocoMademoiselle;61;6;10;1;5;7;6;7;7;4;9;2;5;1
AmorAmor;61;7;5;5;9;7;4;5;3;7;6;1;4;4
LaPetiteRobeNoire;61;8;10;0;6;10;3;7;6;2;10;0;6;0
Trésor;61;9;5;4;6;7;7;5;6;6;6;3;7;3
MissDior;61;10;10;0;8;10;4;8;5;6;10;0;5;0
LolitaLempika;61;11;8;1;8;9;2;9;6;9;9;0;5;0
Shalimar;61;12;6;6;6;4;10;4;6;3;5;0;8;4
ChanelN5;62;1;8;1;2;8;8;3;8;3;10;0;8;3
HypnoticPoison;62;2;6;7;8;9;2;2;3;3;7;0;0;8
Angel;62;3;7;1;2;10;8;10;9;1;9;2;7;2
CocoMademoiselle;62;4;3;9;9;2;2;0;0;0;5;0;1;9
Flower;62;5;6;6;5;5;0;7;0;0;9;2;7;7
LaPetiteRobeNoire;62;6;9;7;0;9;2;9;8;9;9;0;5;8
JAdore;62;7;8;9;6;3;1;2;3;0;8;0;0;8
MissDior;62;8;10;2;1;9;7;9;9;2;10;0;9;2
AmorAmor;62;9;9;1;1;7;6;5;9;0;10;0;10;1
Shalimar;62;10;9;5;3;1;9;4;10;9;10;8;6;5
Trésor;62;11;7;6;8;3;1;6;2;0;8;0;7;6
LolitaLempika;62;12;8;1;1;8;7;9;10;3;9;0;5;6
HypnoticPoison;63;1;4;2;0;3;10;10;8;2;2;0;0;8
CocoMademoiselle;63;2;8;7;4;7;4;5;6;3;8;5;1;3
ChanelN5;63;3;10;3;3;3;5;8;8;0;10;0;3;4
LaPetiteRobeNoire;63;4;6;7;7;8;0;4;5;6;6;6;3;5
Angel;63;5;10;3;4;5;9;8;7;0;8;2;2;8
MissDior;63;6;7;6;7;8;5;9;7;2;9;5;2;3
Flower;63;7;6;8;9;5;8;9;9;1;8;1;3;5
Shalimar;63;8;9;10;10;3;8;9;10;1;10;0;3;9
JAdore;63;9;8;5;9;5;5;8;2;1;6;2;0;5
LolitaLempika;63;10;7;8;6;5;6;9;3;5;7;2;3;4
AmorAmor;63;11;8;8;8;10;2;5;5;5;7;5;4;4
Trésor;63;12;10;0;10;5;10;10;10;2;10;2;7;9
CocoMademoiselle;64;1;6;8;4;5;2;1;1;7;4;0;0;8
LaPetiteRobeNoire;64;2;6;4;8;6;1;2;1;8;7;5;0;7
HypnoticPoison;64;3;8;4;7;7;0;10;1;5;9;0;0;7
MissDior;64;4;7;7;7;9;0;1;0;9;7;2;0;8
ChanelN5;64;5;10;0;8;9;0;8;3;1;10;0;3;5
Shalimar;64;6;9;2;7;9;9;5;0;2;10;2;4;7
Angel;64;7;8;7;8;10;0;2;0;8;9;3;4;6
LolitaLempika;64;8;8;7;5;9;1;9;2;8;9;1;0;2
Flower;64;9;NA;9;9;8;1;2;1;5;4;1;1;5
Trésor;64;10;7;6;3;7;5;8;1;5;8;1;1;6
JAdore;64;11;7;8;6;5;1;1;0;3;2;0;0;6
AmorAmor;64;12;7;9;8;8;1;1;0;5;2;3;0;5
LaPetiteRobeNoire;65;1;6;5;6;4;8;1;3;4;7;3;5;6
MissDior;65;2;7;6;7;4;8;1;6;NA;8;6;7;5
CocoMademoiselle;65;3;7;6;6;3;9;0;9;5;8;1;9;7
Shalimar;65;4;7;3;7;3;9;0;7;5;9;3;8;6
HypnoticPoison;65;5;5;4;4;7;5;7;2;8;5;4;8;6
LolitaLempika;65;6;5;8;8;5;8;1;5;7;5;2;2;6
ChanelN5;65;7;8;2;2;3;7;0;8;4;8;2;9;9
Trésor;65;8;7;4;3;4;7;3;6;3;7;2;7;8
Angel;65;9;8;8;6;3;4;3;6;7;7;3;3;5
AmorAmor;65;10;6;8;7;4;5;3;NA;8;6;8;4;6
Flower;65;11;7;8;6;5;3;3;6;9;7;4;4;7
JAdore;65;12;7;9;7;5;6;1;5;8;7;3;4;6
MissDior;66;1;3;6;4;4;5;2;3;3;3;6;0;7
Shalimar;66;2;8;3;1;1;8;3;9;5;3;2;2;4
LaPetiteRobeNoire;66;3;6;3;7;7;1;6;1;3;5;6;2;6
LolitaLempika;66;4;4;3;4;8;3;9;4;2;2;4;0;2
CocoMademoiselle;66;5;8;4;3;1;5;3;6;4;5;7;2;6
Trésor;66;6;5;8;8;8;1;3;1;3;4;3;0;10
HypnoticPoison;66;7;6;4;3;1;7;6;4;0;4;2;2;1
AmorAmor;66;8;1;8;3;0;1;4;2;8;2;8;0;0
ChanelN5;66;9;4;8;10;2;0;2;0;5;0;2;0;9
JAdore;66;10;5;5;4;3;0;3;0;8;5;6;0;7
Angel;66;11;6;3;3;2;7;6;4;1;6;2;0;4
Flower;66;12;5;2;3;7;2;8;2;5;3;5;2;3
Shalimar;67;1;9;2;3;0;8;0;7;1;9;7;7;5
LolitaLempika;67;2;6;8;8;9;1;2;1;7;6;0;0;6
MissDior;67;3;8;3;5;1;4;0;1;0;9;1;NA;6
Trésor;67;4;7;5;5;5;9;0;0;3;2;0;1;8
LaPetiteRobeNoire;67;5;8;4;7;8;1;4;0;9;9;1;0;7
AmorAmor;67;6;2;3;2;2;5;0;5;6;3;9;0;4
CocoMademoiselle;67;7;8;3;4;3;8;0;4;2;8;8;0;7
JAdore;67;8;8;3;7;3;3;0;2;6;9;7;0;6
HypnoticPoison;67;9;5;8;8;8;6;7;1;8;4;1;1;6
Flower;67;10;6;7;8;8;2;0;1;7;7;4;2;6
ChanelN5;67;11;9;2;6;3;8;0;7;5;9;8;4;8
Angel;67;12;7;7;7;8;3;0;1;6;8;1;1;6
LolitaLempika;68;1;7;6;2;8;6;8;1;2;1;3;5;4
Trésor;68;2;5;3;8;5;7;4;3;1;1;3;8;3
Shalimar;68;3;5;5;NA;2;1;0;7;0;9;4;2;1
AmorAmor;68;4;8;8;7;7;0;0;0;1;1;5;3;3
MissDior;68;5;3;5;8;2;0;0;2;2;1;1;3;0
JAdore;68;6;5;8;8;7;2;2;0;0;4;1;2;6
LaPetiteRobeNoire;68;7;10;2;4;8;1;9;0;9;6;3;4;6
Flower;68;8;0;5;8;5;7;0;2;1;5;7;2;5
CocoMademoiselle;68;9;10;9;6;2;5;0;6;2;8;2;5;2
Angel;68;10;4;3;1;10;6;5;0;9;10;5;1;5
HypnoticPoison;68;11;7;2;6;7;2;8;0;8;10;7;9;2
ChanelN5;68;12;8;7;9;3;9;0;7;0;7;5;6;0
Trésor;69;1;7;2;7;1;1;5;1;2;5;5;1;9
AmorAmor;69;2;9;2;6;7;2;2;4;5;5;9;3;8
LolitaLempika;69;3;8;8;6;7;7;5;6;6;4;3;3;5
JAdore;69;4;7;5;8;5;5;4;4;7;4;1;4;8
Shalimar;69;5;8;1;3;4;8;2;6;1;8;1;5;5
Flower;69;6;4;8;8;5;2;6;1;5;4;5;5;5
MissDior;69;7;8;3;8;7;1;5;1;5;3;5;2;7
Angel;69;8;9;0;1;2;10;5;6;2;6;1;8;3
LaPetiteRobeNoire;69;9;8;6;6;7;1;3;2;6;6;5;3;6
ChanelN5;69;10;7;1;2;5;7;2;7;4;4;2;7;2
CocoMademoiselle;69;11;6;8;5;7;7;2;6;NA;7;3;6;5
HypnoticPoison;69;12;8;1;2;5;8;5;7;2;4;4;8;2
AmorAmor;70;1;6;4;7;4;3;6;2;5;2;5;1;8
JAdore;70;2;8;3;7;4;4;3;1;4;6;5;2;5
Trésor;70;3;7;4;8;6;6;3;2;5;3;4;2;5
Flower;70;4;3;3;8;4;4;2;2;3;2;6;2;7
LolitaLempika;70;5;7;8;8;6;6;3;2;7;4;6;2;8
Angel;70;6;7;8;8;7;5;4;2;4;3;4;3;6
Shalimar;70;7;4;3;5;3;4;3;2;3;3;3;3;3
ChanelN5;70;8;3;5;4;3;3;3;2;3;2;2;4;2
MissDior;70;9;7;6;8;7;5;4;2;8;4;6;2;7
HypnoticPoison;70;10;4;3;2;7;2;7;2;5;7;3;1;4
LaPetiteRobeNoire;70;11;9;7;8;6;6;3;2;7;6;5;2;7
CocoMademoiselle;70;12;5;9;7;6;4;3;2;6;3;4;2;7
JAdore;71;1;7;5;6;7;4;3;5;6;6;3;4;5
Flower;71;2;8;6;9;3;4;4;4;3;7;3;3;7
AmorAmor;71;3;7;8;5;6;3;3;3;6;3;4;5;5
Angel;71;4;9;3;9;6;5;3;3;5;7;7;4;7
Trésor;71;5;9;5;8;6;5;3;5;4;7;4;4;7
ChanelN5;71;6;7;3;8;3;3;2;3;3;8;3;4;7
LolitaLempika;71;7;8;6;4;5;4;4;3;8;8;6;4;7
HypnoticPoison;71;8;6;6;6;4;4;5;7;5;5;4;5;5
Shalimar;71;9;7;7;4;7;4;7;7;4;7;4;5;6
CocoMademoiselle;71;10;7;8;5;5;5;4;5;7;5;6;5;6
MissDior;71;11;5;4;5;5;4;3;4;6;4;5;6;4
LaPetiteRobeNoire;71;12;8;9;4;7;4;2;2;5;8;4;4;6
Flower;72;1;8;2;0;1;0;0;4;2;8;0;2;5
Angel;72;2;3;8;6;6;2;7;6;8;6;5;0;5
JAdore;72;3;3;4;6;3;1;3;2;3;5;4;4;3
ChanelN5;72;4;9;0;3;0;5;0;6;8;9;2;0;7
AmorAmor;72;5;2;9;6;8;4;0;6;9;2;8;0;7
HypnoticPoison;72;6;4;0;0;8;0;10;3;4;5;2;0;0
Trésor;72;7;8;7;3;6;3;0;5;6;7;3;0;2
CocoMademoiselle;72;8;5;7;3;6;3;0;4;7;5;6;2;4
LolitaLempika;72;9;5;2;2;7;2;9;3;2;7;0;3;3
LaPetiteRobeNoire;72;10;8;2;2;8;5;3;4;6;6;8;3;5
Shalimar;72;11;10;0;1;0;0;1;7;1;9;0;5;1
MissDior;72;12;3;8;8;8;4;2;4;6;0;5;0;4
CocoMademoiselle;73;1;8;4;3;4;5;2;8;5;8;3;8;2
JAdore;73;2;3;8;8;5;7;7;3;4;2;3;2;7
ChanelN5;73;3;6;3;7;3;7;5;5;3;7;3;3;5
MissDior;73;4;7;3;6;6;3;4;8;7;5;3;7;3
Flower;73;5;8;2;6;3;7;2;8;7;8;4;2;3
Shalimar;73;6;9;2;2;1;2;2;8;2;10;4;5;2
LolitaLempika;73;7;4;7;6;10;0;7;8;10;7;4;0;0
AmorAmor;73;8;7;1;1;1;2;0;6;8;8;1;0;0
LaPetiteRobeNoire;73;9;5;7;8;7;1;4;3;3;7;1;2;1
Angel;73;10;8;6;3;5;9;3;8;2;2;2;2;2
Trésor;73;11;3;10;9;2;1;2;4;5;1;1;2;7
HypnoticPoison;73;12;3;3;10;2;5;6;5;6;2;2;2;1
JAdore;74;1;6;7;7;8;5;0;0;5;6;NA;0;0
MissDior;74;2;8;2;3;2;4;1;0;3;3;3;0;2
CocoMademoiselle;74;3;8;4;5;5;4;1;0;3;4;6;1;0
Shalimar;74;4;10;0;0;1;6;6;6;0;9;0;1;5
ChanelN5;74;5;8;NA;5;6;7;7;6;4;6;4;0;6
AmorAmor;74;6;5;7;7;6;1;3;0;3;3;5;1;5
Flower;74;7;9;5;7;6;4;4;1;5;NA;5;0;1
Angel;74;8;8;4;2;2;3;5;3;2;8;3;4;4
LolitaLempika;74;9;7;5;7;7;1;1;0;6;2;1;0;2
HypnoticPoison;74;10;9;2;4;4;3;6;3;1;7;1;1;2
LaPetiteRobeNoire;74;11;5;2;3;2;5;4;2;2;4;4;1;4
Trésor;74;12;6;2;2;1;5;5;3;4;6;4;1;4
MissDior;75;1;3;6;8;1;2;1;0;4;3;2;0;4
Shalimar;75;2;9;2;0;4;8;0;10;0;4;0;7;2
JAdore;75;3;5;7;9;5;1;4;0;7;4;4;0;5
AmorAmor;75;4;4;7;8;5;2;5;0;8;4;4;1;5
CocoMademoiselle;75;5;5;3;2;2;5;6;8;2;4;4;7;8
Angel;75;6;6;1;0;1;8;0;10;0;4;0;8;0
ChanelN5;75;7;6;2;6;1;4;9;0;3;4;2;5;5
HypnoticPoison;75;8;6;4;7;8;0;10;0;9;4;3;0;5
Flower;75;9;6;9;8;6;1;4;0;8;4;6;0;6
Trésor;75;10;8;2;3;5;7;2;6;2;5;1;3;5
LolitaLempika;75;11;6;1;4;1;8;8;9;5;5;1;0;6
LaPetiteRobeNoire;75;12;9;8;6;10;4;4;7;6;4;2;2;6
Shalimar;76;1;6;7;5;9;5;6;2;4;9;5;5;3
AmorAmor;76;2;3;8;8;5;5;3;1;5;9;6;2;7
MissDior;76;3;6;7;7;3;7;3;2;5;9;6;3;6
Angel;76;4;6;4;8;10;7;9;6;7;10;5;7;4
JAdore;76;5;3;7;10;5;4;5;3;10;6;5;7;4
HypnoticPoison;76;6;4;3;7;8;7;9;3;7;6;5;7;6
CocoMademoiselle;76;7;7;6;10;9;8;6;1;8;8;6;3;10
Trésor;76;8;4;8;7;5;8;8;4;8;4;6;7;10
ChanelN5;76;9;5;4;3;9;8;5;8;6;9;6;9;5
LaPetiteRobeNoire;76;10;3;5;8;3;8;4;1;7;5;6;3;5
Flower;76;11;5;2;5;5;9;8;4;9;6;6;4;7
LolitaLempika;76;12;7;5;8;3;8;10;3;8;5;6;6;8
AmorAmor;77;1;7;9;2;8;0;5;6;10;6;0;0;10
Angel;77;2;10;0;9;0;10;0;10;0;2;8;10;4
Shalimar;77;3;7;2;8;7;0;10;7;10;7;2;0;7
HypnoticPoison;77;4;4;0;5;10;5;10;10;10;10;0;0;10
MissDior;77;5;7;10;4;0;0;0;6;0;10;0;0;6
Trésor;77;6;7;4;8;7;0;0;5;8;6;0;0;10
JAdore;77;7;7;10;4;10;0;0;7;8;7;0;0;10
LaPetiteRobeNoire;77;8;8;3;8;10;0;7;7;10;10;7;0;10
CocoMademoiselle;77;9;2;10;4;6;7;8;8;7;5;8;0;10
LolitaLempika;77;10;10;7;9;8;0;8;7;9;5;3;0;6
ChanelN5;77;11;8;6;7;7;6;6;7;7;2;0;0;3
Flower;77;12;6;3;6;5;7;6;2;4;0;2;0;2
Angel;78;1;7;3;4;2;8;2;7;1;10;5;7;4
HypnoticPoison;78;2;5;7;7;9;4;10;3;3;9;1;2;9
AmorAmor;78;3;2;9;6;9;1;1;0;10;1;8;0;2
Trésor;78;4;6;5;8;4;5;1;5;5;7;3;2;5
Shalimar;78;5;6;7;1;0;10;0;9;0;10;2;8;6
LaPetiteRobeNoire;78;6;1;9;9;10;0;2;2;10;2;1;0;4
MissDior;78;7;4;5;5;4;3;2;2;3;7;4;2;4
LolitaLempika;78;8;4;6;8;5;2;4;2;5;6;2;0;5
JAdore;78;9;6;5;4;3;2;1;4;NA;5;2;2;5
Flower;78;10;5;2;1;0;6;6;10;0;9;2;8;6
CocoMademoiselle;78;11;1;9;8;5;2;1;2;7;3;2;0;3
ChanelN5;78;12;9;2;2;0;9;7;9;0;10;1;10;7
HypnoticPoison;79;1;2;4;2;8;5;10;0;1;3;0;0;6
Trésor;79;2;7;7;8;7;1;3;2;8;6;1;3;6
Angel;79;3;7;6;7;7;9;8;6;3;6;7;9;4
LaPetiteRobeNoire;79;4;3;1;1;5;1;0;1;5;0;4;1;1
AmorAmor;79;5;4;7;6;3;4;2;1;6;4;7;5;4
LolitaLempika;79;6;6;6;7;5;6;5;5;6;5;3;6;5
Shalimar;79;7;9;2;9;2;1;1;9;9;0;9;1;10
Flower;79;8;5;6;7;4;5;6;4;8;6;4;4;4
MissDior;79;9;4;6;6;5;6;6;4;6;5;4;5;6
ChanelN5;79;10;9;10;10;0;1;0;8;10;10;9;1;10
JAdore;79;11;4;5;6;6;4;4;2;7;6;4;3;8
CocoMademoiselle;79;12;7;4;6;8;4;5;5;8;9;4;3;5
Trésor;80;1;4;8;7;6;8;3;3;5;3;5;0;4
LaPetiteRobeNoire;80;2;7;6;6;9;1;2;2;8;6;4;0;1
HypnoticPoison;80;3;8;2;2;8;0;8;5;4;8;0;2;0
LolitaLempika;80;4;4;9;7;6;2;2;1;3;2;4;0;3
Angel;80;5;10;6;3;7;3;6;8;3;10;3;2;3
Flower;80;6;8;8;8;5;3;2;2;3;4;2;1;3
AmorAmor;80;7;3;6;8;10;0;4;1;8;3;2;0;0
ChanelN5;80;8;6;6;8;5;4;0;4;2;7;2;3;5
Shalimar;80;9;8;5;4;5;3;5;7;3;7;3;2;0
CocoMademoiselle;80;10;7;10;7;7;5;2;2;4;3;5;2;2
MissDior;80;11;8;8;6;8;2;5;5;4;6;2;2;2
JAdore;80;12;6;10;7;6;3;3;2;3;4;4;1;3
